Date,D2-B,D2-D,D6-D,D6-E,D6-I,D6-J,D6-S,D6-AB,D7-B,Label_D6-E,Label_D6-S,Label_D6-AB
"1月 05, 1990",1,1,0,0,1,1,0,1,1,1,1,1
"1月 12, 1990",1,0,1,1,1,1,1,1,1,0,1,1
"1月 19, 1990",1,0,0,0,1,1,1,1,0,0,1,1
"1月 26, 1990",1,1,0,0,1,1,1,1,0,1,1,1
"2月 02, 1990",1,0,1,1,1,1,1,1,1,0,1,0
"2月 09, 1990",0,0,0,0,1,1,1,0,0,0,1,0
"2月 16, 1990",0,0,0,0,1,0,1,0,0,0,1,0
"2月 23, 1990",0,1,0,0,1,1,1,0,0,1,0,0
"3月 02, 1990",0,0,1,1,1,1,0,0,1,1,0,0
"3月 09, 1990",0,0,1,1,0,0,0,0,1,0,1,0
"3月 16, 1990",0,0,0,0,0,0,1,0,1,1,0,0
"3月 23, 1990",0,0,1,1,0,0,0,0,1,1,0,0
"3月 30, 1990",1,0,1,1,0,0,0,0,1,1,0,0
"4月 06, 1990",0,0,1,1,0,0,0,0,1,1,1,0
"4月 13, 1990",1,0,1,1,0,0,1,0,0,0,0,0
"4月 20, 1990",1,0,0,0,0,0,0,0,0,1,0,1
"4月 27, 1990",0,1,1,1,0,1,0,1,1,0,0,1
"5月 04, 1990",1,0,1,0,0,0,0,1,0,1,0,1
"5月 11, 1990",0,0,1,1,0,0,0,1,1,1,1,1
"5月 18, 1990",1,0,1,1,0,0,1,1,1,1,1,1
"5月 25, 1990",1,0,1,1,1,1,1,1,0,1,1,1
"6月 01, 1990",0,0,1,1,1,1,1,1,0,1,0,1
"6月 08, 1990",0,0,1,1,0,0,0,1,0,0,1,1
"6月 15, 1990",1,0,0,0,1,1,1,1,0,1,0,1
"6月 22, 1990",0,0,1,1,0,0,0,1,1,1,0,1
"6月 29, 1990",1,0,1,1,0,1,0,1,0,0,0,1
"7月 06, 1990",1,0,0,0,0,0,0,1,0,1,1,1
"7月 13, 1990",1,0,1,1,1,1,1,1,0,0,0,1
"7月 20, 1990",1,1,0,0,1,1,0,1,0,1,1,1
"7月 27, 1990",1,0,1,1,0,0,1,1,1,0,1,0
"8月 03, 1990",1,0,0,0,1,1,1,0,0,0,0,1
"8月 10, 1990",0,0,0,0,0,0,0,1,0,1,0,1
"8月 17, 1990",0,0,1,1,1,1,0,1,1,1,0,1
"8月 24, 1990",1,0,1,1,0,0,0,1,1,0,0,1
"8月 31, 1990",0,0,0,0,0,1,0,1,0,1,1,1
"9月 07, 1990",1,0,1,1,1,1,1,1,1,0,1,1
"9月 14, 1990",1,0,0,0,1,1,1,1,0,0,1,1
"9月 21, 1990",0,0,0,0,1,1,1,1,0,0,1,0
"9月 28, 1990",0,1,0,0,1,1,1,0,0,0,1,0
"10月 05, 1990",0,0,0,0,1,1,1,0,1,0,0,1
"10月 12, 1990",0,0,0,0,1,1,0,1,0,0,0,1
"10月 19, 1990",0,0,0,0,0,0,0,1,1,1,0,1
"10月 26, 1990",0,1,1,1,1,1,0,1,1,1,1,0
"11月 02, 1990",1,0,1,1,0,0,1,0,1,1,0,0
"11月 09, 1990",0,0,1,1,0,0,0,0,1,0,0,0
"11月 16, 1990",1,0,0,0,0,0,0,0,0,0,1,0
"11月 23, 1990",1,0,0,0,1,1,1,0,0,1,1,0
"11月 30, 1990",1,1,1,1,1,1,1,0,0,0,0,0
"12月 07, 1990",0,0,0,0,1,1,0,0,0,0,1,0
"12月 14, 1990",1,0,0,0,1,1,1,0,0,1,0,0
"12月 21, 1990",1,0,1,1,0,0,0,0,1,0,1,1
"12月 28, 1990",1,0,0,0,0,0,1,1,0,0,1,0
"1月 04, 1991",0,0,0,0,0,0,1,0,0,1,0,0
"1月 11, 1991",1,0,1,1,0,0,0,0,1,0,1,0
"1月 18, 1991",1,0,0,0,0,0,1,0,0,0,1,0
"1月 25, 1991",1,0,0,0,1,1,1,0,1,1,1,0
"2月 01, 1991",1,0,1,1,1,1,1,0,0,1,1,0
"2月 08, 1991",1,0,1,1,1,1,1,0,0,1,1,0
"2月 15, 1991",0,0,1,1,1,1,1,0,1,0,1,0
"2月 22, 1991",1,0,0,0,0,0,1,0,0,0,0,0
"3月 01, 1991",1,0,0,0,0,0,0,0,0,0,0,0
"3月 08, 1991",0,0,0,0,0,0,0,0,0,1,0,0
"3月 15, 1991",0,0,1,1,0,0,0,0,1,1,0,1
"3月 22, 1991",0,0,0,1,0,0,0,1,1,1,1,0
"3月 29, 1991",0,0,1,1,1,1,1,0,1,0,0,0
"4月 05, 1991",1,0,0,0,0,0,0,0,0,1,0,1
"4月 12, 1991",1,0,1,1,0,0,0,1,1,0,0,1
"4月 19, 1991",1,0,0,0,0,1,0,1,0,1,0,1
"4月 26, 1991",1,1,1,1,1,1,0,1,1,0,1,1
"5月 03, 1991",1,0,0,0,1,1,1,1,0,0,0,1
"5月 10, 1991",1,0,0,0,1,1,0,1,0,1,1,0
"5月 17, 1991",0,0,1,1,1,1,1,0,1,0,1,1
"5月 24, 1991",1,1,0,0,1,1,1,1,0,1,0,1
"5月 31, 1991",1,0,1,1,1,1,0,1,1,1,1,0
"6月 07, 1991",0,0,1,1,1,1,1,0,0,1,1,1
"6月 14, 1991",1,0,1,1,1,1,1,1,0,0,1,1
"6月 21, 1991",1,0,0,0,0,0,1,1,0,0,0,0
"6月 28, 1991",0,1,0,0,0,0,0,0,0,1,1,1
"7月 05, 1991",0,0,1,1,0,0,1,1,1,0,0,1
"7月 12, 1991",0,0,0,0,0,0,0,1,1,0,0,1
"7月 19, 1991",1,0,0,0,1,1,0,1,0,0,0,1
"7月 26, 1991",0,1,0,0,0,0,0,1,0,1,0,1
"8月 02, 1991",0,0,1,1,0,0,0,1,0,1,1,1
"8月 09, 1991",1,0,1,1,0,0,1,1,0,0,0,0
"8月 16, 1991",1,0,0,0,0,1,0,0,0,1,1,1
"8月 23, 1991",1,1,1,1,1,1,1,1,1,1,0,1
"8月 30, 1991",1,0,1,1,1,1,0,1,0,0,1,1
"9月 06, 1991",1,0,0,0,1,1,1,1,0,0,0,1
"9月 13, 1991",0,0,0,0,1,1,0,1,0,1,1,1
"9月 20, 1991",0,0,1,1,0,0,1,1,1,1,0,1
"9月 27, 1991",0,0,1,1,1,1,0,1,1,0,0,0
"10月 04, 1991",1,0,0,0,1,1,0,0,1,1,1,1
"10月 11, 1991",0,0,1,1,0,0,1,1,1,0,0,0
"10月 18, 1991",0,0,0,0,0,0,0,0,1,1,0,1
"10月 25, 1991",0,1,1,1,0,0,0,1,1,0,1,1
"11月 01, 1991",0,0,0,0,0,0,1,1,0,1,0,0
"11月 08, 1991",0,0,1,1,0,0,0,0,1,1,0,1
"11月 15, 1991",1,0,1,1,0,0,0,1,1,0,0,1
"11月 22, 1991",1,0,0,0,1,1,0,1,0,0,1,1
"11月 29, 1991",0,0,0,0,1,1,1,1,0,1,1,1
"12月 06, 1991",0,0,1,1,1,1,1,1,1,0,1,1
"12月 13, 1991",1,0,0,0,1,1,1,1,0,0,0,0
"12月 20, 1991",1,0,0,0,1,1,0,0,0,0,0,1
"12月 27, 1991",0,0,0,0,1,1,0,1,0,1,1,1
"1月 03, 1992",0,0,1,1,1,1,1,1,1,1,0,0
"1月 10, 1992",1,0,1,1,1,1,0,0,1,0,1,0
"1月 17, 1992",0,0,0,0,1,1,1,0,1,1,0,0
"1月 24, 1992",0,0,1,1,0,0,0,0,1,0,0,0
"1月 31, 1992",0,0,0,0,0,0,0,0,1,0,1,0
"2月 07, 1992",1,0,0,0,0,0,1,0,1,0,1,0
"2月 14, 1992",0,0,0,0,1,1,1,0,1,1,1,0
"2月 21, 1992",1,0,1,1,0,0,1,0,1,1,1,0
"2月 28, 1992",0,1,1,1,1,1,1,0,1,1,0,0
"3月 06, 1992",1,0,1,1,0,0,0,0,1,0,1,1
"3月 13, 1992",1,0,0,0,1,0,1,1,0,1,0,0
"3月 20, 1992",1,0,1,1,0,0,0,0,0,0,0,0
"3月 27, 1992",1,0,0,0,0,0,0,0,0,0,1,0
"4月 03, 1992",1,0,0,0,0,0,1,0,0,1,0,0
"4月 10, 1992",0,0,1,1,0,0,0,0,1,1,0,1
"4月 17, 1992",1,0,1,1,1,1,0,1,1,1,1,1
"4月 24, 1992",1,1,1,1,0,0,1,1,0,1,0,0
"5月 01, 1992",0,0,1,1,0,0,0,0,1,0,1,0
"5月 08, 1992",0,0,0,0,0,0,1,0,0,1,0,0
"5月 15, 1992",1,0,1,1,1,1,0,0,0,0,1,1
"5月 22, 1992",0,0,0,0,1,1,1,1,0,0,1,1
"5月 29, 1992",1,1,0,0,0,0,1,1,0,1,0,0
"6月 05, 1992",1,0,1,1,1,1,0,0,0,1,1,1
"6月 12, 1992",0,0,1,1,1,1,1,1,0,0,1,1
"6月 19, 1992",1,0,0,0,1,1,1,1,0,0,1,1
"6月 26, 1992",1,1,0,0,1,0,1,1,0,0,0,1
"7月 03, 1992",0,0,0,0,0,0,0,1,0,1,0,1
"7月 10, 1992",1,0,1,1,0,0,0,1,1,0,1,1
"7月 17, 1992",0,0,0,0,0,0,1,1,0,0,0,1
"7月 24, 1992",0,0,0,0,0,0,0,1,0,1,0,1
"7月 31, 1992",0,0,1,1,0,0,0,1,1,0,1,1
"8月 07, 1992",1,0,0,0,0,0,1,1,0,0,1,1
"8月 14, 1992",0,0,0,0,0,0,1,1,0,1,0,1
"8月 21, 1992",0,0,1,1,0,0,0,1,1,0,1,1
"8月 28, 1992",0,0,0,0,0,0,1,1,0,1,0,0
"9月 04, 1992",0,0,1,1,0,0,0,0,1,0,1,1
"9月 11, 1992",1,0,0,0,1,0,1,1,0,1,1,1
"9月 18, 1992",0,0,1,1,1,1,1,1,1,0,0,1
"9月 25, 1992",0,0,0,0,1,1,0,1,0,1,0,0
"10月 02, 1992",1,0,1,1,1,1,0,0,0,0,0,1
"10月 09, 1992",0,0,0,0,0,0,0,1,1,1,0,0
"10月 16, 1992",0,0,1,1,1,1,0,0,1,1,1,1
"10月 23, 1992",1,0,1,1,0,0,1,1,1,1,1,1
"10月 30, 1992",0,0,1,1,0,0,1,1,1,0,1,1
"11月 06, 1992",1,0,0,0,1,1,1,1,0,0,0,1
"11月 13, 1992",1,0,0,0,1,1,0,1,0,1,0,0
"11月 20, 1992",0,0,1,1,1,1,0,0,1,1,0,1
"11月 27, 1992",1,0,1,1,1,1,0,1,1,0,0,1
"12月 04, 1992",0,0,0,0,0,1,0,1,0,1,1,0
"12月 11, 1992",0,0,1,1,1,1,1,0,1,0,0,0
"12月 18, 1992",1,0,1,0,0,1,0,0,0,0,1,1
"12月 25, 1992",0,1,0,0,0,0,1,1,0,1,1,1
"1月 01, 1993",1,0,1,1,1,1,1,1,1,0,1,1
"1月 08, 1993",0,0,0,0,1,1,1,1,0,1,1,0
"1月 15, 1993",0,0,1,1,1,1,1,0,1,0,1,0
"1月 22, 1993",1,0,0,0,1,1,1,0,0,1,1,0
"1月 29, 1993",0,1,1,1,1,1,1,0,1,1,0,0
"2月 05, 1993",0,0,1,1,0,0,0,0,1,1,0,0
"2月 12, 1993",1,0,1,1,1,1,0,0,1,0,1,0
"2月 19, 1993",1,0,0,0,1,1,1,0,0,1,0,0
"2月 26, 1993",0,0,1,1,0,0,0,0,1,1,0,0
"3月 05, 1993",1,0,1,1,0,0,0,0,1,1,1,0
"3月 12, 1993",1,0,1,1,0,0,1,0,1,0,0,0
"3月 19, 1993",1,0,0,0,0,0,0,0,0,1,0,0
"3月 26, 1993",0,0,1,1,0,0,0,0,1,1,0,1
"4月 02, 1993",1,0,1,1,0,0,0,1,0,1,0,1
"4月 09, 1993",0,0,1,1,0,0,0,1,1,0,1,0
"4月 16, 1993",1,0,0,0,0,0,1,0,0,1,1,1
"4月 23, 1993",1,0,1,1,0,0,1,1,0,1,0,0
"4月 30, 1993",1,0,1,1,0,0,0,0,0,1,0,1
"5月 07, 1993",0,0,1,1,0,0,0,1,0,1,0,0
"5月 14, 1993",0,0,1,1,0,0,0,0,1,1,0,1
"5月 21, 1993",1,0,1,1,1,1,0,1,1,0,1,1
"5月 28, 1993",1,0,0,0,1,1,1,1,0,0,0,0
"6月 04, 1993",1,1,0,0,0,0,0,0,0,0,0,1
"6月 11, 1993",1,0,0,0,0,0,0,1,0,1,0,1
"6月 18, 1993",1,0,1,1,1,1,0,1,1,1,1,1
"6月 25, 1993",0,0,1,1,0,0,1,1,1,0,1,1
"7月 02, 1993",1,0,0,0,0,0,1,1,0,1,1,1
"7月 09, 1993",1,0,1,1,1,0,1,1,1,1,0,1
"7月 16, 1993",0,0,1,1,0,0,0,1,1,0,0,1
"7月 23, 1993",0,0,0,0,0,0,0,1,0,0,1,1
"7月 30, 1993",0,1,0,0,1,0,1,1,0,1,0,1
"8月 06, 1993",1,0,1,1,0,0,0,1,1,0,1,1
"8月 13, 1993",0,0,0,0,0,0,1,1,0,0,0,1
"8月 20, 1993",0,0,0,0,0,0,0,1,0,1,0,0
"8月 27, 1993",0,1,1,1,0,1,0,0,1,0,1,1
"9月 03, 1993",0,0,0,0,1,1,1,1,0,1,1,1
"9月 10, 1993",0,0,1,1,0,0,1,1,1,0,1,1
"9月 17, 1993",1,0,1,0,1,1,1,1,1,0,1,1
"9月 24, 1993",0,0,0,0,1,1,1,1,0,0,0,0
"10月 01, 1993",1,1,0,0,1,1,0,0,0,1,1,1
"10月 08, 1993",0,0,1,1,1,1,1,1,1,0,0,1
"10月 15, 1993",1,0,0,0,0,0,0,1,0,1,1,1
"10月 22, 1993",0,0,1,1,0,0,1,1,1,1,1,1
"10月 29, 1993",1,0,1,1,1,1,1,1,1,0,0,0
"11月 05, 1993",0,0,0,0,0,0,0,0,0,1,1,1
"11月 12, 1993",0,0,1,1,1,1,1,1,1,0,1,1
"11月 19, 1993",1,1,0,0,1,1,1,1,0,1,0,1
"11月 26, 1993",0,0,1,1,1,1,0,1,1,1,1,1
"12月 03, 1993",1,0,1,1,1,1,1,1,1,1,0,0
"12月 10, 1993",0,0,1,1,0,0,0,0,1,1,0,0
"12月 17, 1993",0,1,1,1,1,1,0,0,1,0,1,1
"12月 24, 1993",0,0,0,0,1,1,1,1,1,0,1,1
"12月 31, 1993",1,0,0,0,1,0,1,1,0,0,1,0
"1月 07, 1994",0,0,0,0,1,1,1,0,0,0,0,0
"1月 14, 1994",1,0,0,0,1,1,0,0,0,0,1,0
"1月 21, 1994",0,0,0,0,0,0,1,0,0,1,1,0
"1月 28, 1994",0,1,1,1,1,1,1,0,1,1,0,0
"2月 04, 1994",1,0,1,1,0,1,0,0,1,0,1,0
"2月 11, 1994",1,0,0,0,0,0,1,0,0,1,1,0
"2月 18, 1994",1,0,1,1,0,0,1,0,1,0,1,0
"2月 25, 1994",0,0,0,0,0,0,1,0,0,1,0,0
"3月 04, 1994",0,0,1,1,0,0,0,0,1,0,0,1
"3月 11, 1994",1,0,0,0,0,0,0,1,0,1,1,0
"3月 18, 1994",0,0,1,1,0,0,1,0,1,0,0,0
"3月 25, 1994",0,0,0,0,0,0,0,0,0,1,0,1
"4月 01, 1994",1,0,1,1,0,0,0,1,0,1,0,0
"4月 08, 1994",1,0,1,1,0,0,0,0,0,1,1,1
"4月 15, 1994",1,0,1,1,0,0,1,1,0,1,1,0
"4月 22, 1994",1,0,1,1,1,1,1,0,0,1,1,1
"4月 29, 1994",0,0,1,1,0,0,1,1,0,0,0,1
"5月 06, 1994",1,0,0,0,1,1,0,1,0,0,1,1
"5月 13, 1994",1,0,0,0,1,1,1,1,0,1,0,0
"5月 20, 1994",0,0,1,1,0,0,0,0,1,0,0,1
"5月 27, 1994",1,0,0,0,0,0,0,1,0,0,1,1
"6月 03, 1994",0,0,0,0,1,1,1,1,0,0,1,1
"6月 10, 1994",1,0,0,0,1,1,1,1,0,0,1,1
"6月 17, 1994",0,0,0,0,0,0,1,1,0,1,0,1
"6月 24, 1994",1,0,1,1,0,1,0,1,1,1,1,1
"7月 01, 1994",0,1,1,1,0,0,1,1,0,1,1,1
"7月 08, 1994",0,0,1,1,1,0,1,1,1,1,0,1
"7月 15, 1994",1,0,1,1,0,0,0,1,1,1,0,1
"7月 22, 1994",0,0,1,1,0,1,0,1,1,0,0,1
"7月 29, 1994",0,0,0,0,0,0,0,1,0,0,0,1
"8月 05, 1994",1,0,0,0,1,1,0,1,0,1,1,1
"8月 12, 1994",1,0,1,1,0,0,1,1,1,0,0,1
"8月 19, 1994",0,0,0,0,1,1,0,1,0,0,1,0
"8月 26, 1994",1,0,0,0,1,1,1,0,0,0,0,1
"9月 02, 1994",0,0,0,0,0,0,0,1,0,0,1,1
"9月 09, 1994",1,0,0,0,1,1,1,1,0,1,1,1
"9月 16, 1994",0,0,1,1,1,0,1,1,1,1,1,0
"9月 23, 1994",0,0,1,1,0,0,1,0,1,1,1,1
"9月 30, 1994",1,0,1,1,1,1,1,1,1,0,1,1
"10月 07, 1994",0,0,0,0,1,1,1,1,1,1,0,0
"10月 14, 1994",0,0,1,1,0,0,0,0,1,0,1,1
"10月 21, 1994",0,0,0,0,0,0,1,1,1,1,1,0
"10月 28, 1994",0,1,1,1,0,0,1,0,1,0,1,0
"11月 04, 1994",1,0,0,0,1,1,1,0,1,0,0,0
"11月 11, 1994",1,0,0,0,1,1,0,0,0,0,1,0
"11月 18, 1994",1,0,0,0,1,1,1,0,0,0,1,1
"11月 25, 1994",1,0,0,0,1,1,1,1,0,0,1,1
"12月 02, 1994",0,1,0,0,1,1,1,1,0,0,0,0
"12月 09, 1994",0,0,0,0,0,0,0,0,0,0,1,0
"12月 16, 1994",1,0,0,0,1,0,1,0,0,1,1,0
"12月 23, 1994",0,0,1,1,0,0,1,0,1,0,0,1
"12月 30, 1994",1,1,0,0,1,1,0,1,0,1,1,1
"1月 06, 1995",1,0,1,1,1,1,1,1,0,0,1,0
"1月 13, 1995",0,0,0,0,1,1,1,0,0,0,1,0
"1月 20, 1995",0,0,0,0,1,1,1,0,0,0,1,0
"1月 27, 1995",0,0,0,0,1,1,1,0,1,1,1,0
"2月 03, 1995",1,0,1,1,1,1,1,0,1,0,1,0
"2月 10, 1995",0,0,0,0,1,1,1,0,0,1,1,0
"2月 17, 1995",1,0,1,1,1,1,1,0,1,0,1,0
"2月 24, 1995",0,0,0,0,0,0,1,0,0,1,0,0
"3月 03, 1995",1,1,1,1,1,1,0,0,1,1,0,0
"3月 10, 1995",0,0,1,1,0,0,0,0,0,1,1,1
"3月 17, 1995",0,0,1,1,0,0,1,1,1,1,1,1
"3月 24, 1995",1,0,1,1,0,0,1,1,1,1,0,1
"3月 31, 1995",1,1,1,1,0,0,0,1,1,0,1,0
"4月 07, 1995",1,0,0,0,0,0,1,0,0,1,0,0
"4月 14, 1995",1,0,1,1,0,1,0,0,0,1,0,1
"4月 21, 1995",1,0,1,1,0,0,0,1,0,0,1,1
"4月 28, 1995",0,1,0,0,1,1,1,1,0,0,0,0
"5月 05, 1995",0,0,0,0,1,1,0,0,0,1,1,1
"5月 12, 1995",0,0,1,1,1,0,1,1,0,0,0,0
"5月 19, 1995",1,0,0,0,0,1,0,0,0,0,0,1
"5月 26, 1995",1,1,0,0,1,1,0,1,0,0,1,1
"6月 02, 1995",0,0,0,0,0,0,1,1,0,0,1,0
"6月 09, 1995",1,0,0,0,0,0,1,0,0,0,1,1
"6月 16, 1995",0,0,0,0,1,1,1,1,0,0,0,0
"6月 23, 1995",1,0,0,0,0,0,0,0,0,1,1,1
"6月 30, 1995",0,0,1,1,0,0,1,1,1,0,0,1
"7月 07, 1995",0,0,0,0,1,1,0,1,0,0,0,1
"7月 14, 1995",1,0,0,0,1,1,0,1,1,0,1,0
"7月 21, 1995",0,0,0,0,0,0,1,0,0,1,0,1
"7月 28, 1995",1,0,1,1,0,0,0,1,1,0,1,1
"8月 04, 1995",0,1,0,0,0,0,1,1,0,1,0,1
"8月 11, 1995",0,0,1,1,0,0,0,1,1,0,0,0
"8月 18, 1995",0,0,0,0,0,0,0,0,0,1,0,0
"8月 25, 1995",1,0,1,1,0,0,0,0,1,1,0,1
"9月 01, 1995",1,0,1,1,1,1,0,1,1,0,1,1
"9月 08, 1995",1,0,0,0,0,0,1,1,0,0,1,1
"9月 15, 1995",1,0,0,0,0,0,1,1,0,0,0,0
"9月 22, 1995",0,0,0,0,1,1,0,0,0,0,0,1
"9月 29, 1995",1,1,0,0,1,1,0,1,0,0,0,0
"10月 06, 1995",0,0,0,0,0,0,0,0,0,0,0,1
"10月 13, 1995",0,0,0,0,0,0,0,1,1,1,1,0
"10月 20, 1995",1,0,1,1,1,1,1,0,1,1,1,0
"10月 27, 1995",1,1,1,1,0,0,1,0,1,1,0,1
"11月 03, 1995",0,0,1,1,0,0,0,1,1,0,0,1
"11月 10, 1995",0,0,0,0,0,0,0,1,0,1,1,0
"11月 17, 1995",1,0,1,1,1,1,1,0,1,1,1,1
"11月 24, 1995",1,0,1,1,1,0,1,1,1,0,0,1
"12月 01, 1995",1,0,0,0,1,1,0,1,0,0,1,0
"12月 08, 1995",1,0,0,0,0,0,1,0,0,1,0,0
"12月 15, 1995",0,0,1,1,1,1,0,0,1,0,1,0
"12月 22, 1995",0,0,0,0,0,0,1,0,0,0,0,1
"12月 29, 1995",1,0,0,0,1,1,0,1,0,1,1,1
"1月 05, 1996",0,0,1,1,0,0,1,1,1,1,1,0
"1月 12, 1996",0,0,1,1,1,1,1,0,1,1,0,0
"1月 19, 1996",1,0,1,1,1,1,0,0,1,0,1,0
"1月 26, 1996",0,0,0,0,1,0,1,0,0,0,1,0
"2月 02, 1996",0,0,0,0,1,1,1,0,0,0,1,0
"2月 09, 1996",0,0,0,0,0,0,1,0,0,0,0,0
"2月 16, 1996",0,0,0,0,0,0,0,0,0,1,0,1
"2月 23, 1996",0,0,1,1,0,0,0,1,1,0,1,0
"3月 01, 1996",1,0,0,0,1,1,1,0,0,1,0,1
"3月 08, 1996",0,1,1,1,0,0,0,1,1,0,1,0
"3月 15, 1996",1,0,0,0,0,0,1,0,0,0,0,0
"3月 22, 1996",1,0,0,0,0,0,0,0,0,0,1,1
"3月 29, 1996",1,0,0,0,0,0,1,1,0,1,0,0
"4月 05, 1996",0,1,1,1,0,0,0,0,0,1,0,1
"4月 12, 1996",1,0,0,1,0,0,0,1,0,0,1,0
"4月 19, 1996",1,0,0,0,1,1,1,0,0,0,1,1
"4月 26, 1996",1,0,0,0,1,0,1,1,0,1,0,1
"5月 03, 1996",1,1,1,1,0,1,0,1,1,0,0,1
"5月 10, 1996",0,0,0,0,0,0,0,1,0,0,0,0
"5月 17, 1996",0,0,0,0,1,1,0,0,0,1,1,1
"5月 24, 1996",1,1,1,1,1,0,1,1,0,1,1,1
"5月 31, 1996",1,0,1,1,1,0,1,1,1,0,1,1
"6月 07, 1996",1,0,0,0,0,0,1,1,0,0,1,1
"6月 14, 1996",0,0,0,0,0,0,1,1,0,1,0,1
"6月 21, 1996",1,0,0,1,1,1,0,1,1,1,1,1
"6月 28, 1996",1,1,1,1,0,0,1,1,1,1,0,1
"7月 05, 1996",0,0,1,1,0,0,0,1,1,0,0,1
"7月 12, 1996",1,0,0,0,0,1,0,1,0,0,0,0
"7月 19, 1996",0,0,0,0,0,0,0,0,0,1,1,0
"7月 26, 1996",0,0,1,1,0,0,1,0,1,0,1,1
"8月 02, 1996",1,0,0,0,0,0,1,1,0,0,1,0
"8月 09, 1996",1,0,0,0,1,1,1,0,0,1,0,1
"8月 16, 1996",0,0,1,1,1,1,0,1,1,1,0,1
"8月 23, 1996",1,0,1,1,0,0,0,1,1,0,0,1
"8月 30, 1996",0,1,0,0,0,0,0,1,0,0,1,1
"9月 06, 1996",1,0,0,0,0,0,1,1,0,0,0,1
"9月 13, 1996",0,0,0,0,1,1,0,1,0,1,0,0
"9月 20, 1996",1,0,1,1,1,1,0,0,0,0,1,0
"9月 27, 1996",1,1,0,0,1,1,1,0,0,0,1,1
"10月 04, 1996",1,0,0,0,0,0,1,1,0,0,0,0
"10月 11, 1996",0,0,0,0,0,0,0,0,0,1,0,0
"10月 18, 1996",1,0,1,1,0,0,0,0,1,0,1,1
"10月 25, 1996",1,0,0,0,0,0,1,1,0,1,1,0
"11月 01, 1996",1,0,1,1,1,1,1,0,1,0,0,0
"11月 08, 1996",0,0,0,0,0,0,0,0,0,0,0,0
"11月 15, 1996",1,0,0,0,0,0,0,0,0,0,0,1
"11月 22, 1996",1,0,0,0,0,1,0,1,0,1,1,1
"11月 29, 1996",0,0,0,1,1,1,1,1,1,0,0,1
"12月 06, 1996",1,1,0,0,1,1,0,1,0,0,0,0
"12月 13, 1996",0,0,0,0,0,0,0,0,0,0,1,0
"12月 20, 1996",1,0,0,0,0,0,1,0,0,1,0,1
"12月 27, 1996",0,0,1,1,1,1,0,1,1,0,1,1
"1月 03, 1997",0,0,0,0,1,1,1,1,0,1,1,0
"1月 10, 1997",0,0,1,1,1,1,1,0,1,0,1,0
"1月 17, 1997",0,0,0,0,1,1,1,0,1,1,1,0
"1月 24, 1997",0,0,1,1,1,1,1,0,1,1,1,0
"1月 31, 1997",1,0,1,1,1,1,1,0,1,1,1,0
"2月 07, 1997",0,0,1,1,1,1,1,0,1,1,0,0
"2月 14, 1997",0,0,1,1,0,0,0,0,1,0,0,0
"2月 21, 1997",1,0,0,0,0,0,0,0,0,0,0,1
"2月 28, 1997",1,0,0,0,0,0,0,1,0,1,0,0
"3月 07, 1997",1,0,1,1,1,1,0,0,1,1,1,0
"3月 14, 1997",1,0,1,1,0,0,1,0,0,0,1,0
"3月 21, 1997",1,0,0,0,0,0,1,0,0,1,1,0
"3月 28, 1997",1,1,1,1,0,0,1,0,1,1,0,0
"4月 04, 1997",1,0,1,1,0,0,0,0,0,1,1,1
"4月 11, 1997",0,0,1,1,1,0,1,1,0,1,0,0
"4月 18, 1997",1,0,1,1,0,1,0,0,1,1,1,0
"4月 25, 1997",0,0,1,1,1,1,1,0,1,0,0,1
"5月 02, 1997",1,1,0,0,0,0,0,1,0,1,1,0
"5月 09, 1997",1,0,1,1,1,1,1,0,1,0,1,1
"5月 16, 1997",1,0,0,0,1,1,1,1,0,1,0,1
"5月 23, 1997",1,0,1,1,1,1,0,1,0,1,1,1
"5月 30, 1997",1,1,1,1,1,1,1,1,0,0,0,1
"6月 06, 1997",0,0,0,0,1,1,0,1,0,0,0,1
"6月 13, 1997",0,0,0,0,1,1,0,1,0,0,0,1
"6月 20, 1997",1,0,0,0,1,1,0,1,0,0,0,1
"6月 27, 1997",0,0,0,0,0,0,0,1,0,1,0,1
"7月 04, 1997",0,0,1,1,0,1,0,1,1,0,0,1
"7月 11, 1997",1,0,0,0,0,0,0,1,0,0,0,0
"7月 18, 1997",0,0,0,0,0,0,0,0,0,0,0,1
"7月 25, 1997",0,0,0,0,0,0,0,1,0,0,0,1
"8月 01, 1997",1,0,0,0,0,0,0,1,0,1,0,0
"8月 08, 1997",0,0,1,1,0,0,0,0,1,1,0,1
"8月 15, 1997",1,0,1,1,0,0,0,1,0,0,0,1
"8月 22, 1997",1,0,0,0,1,1,0,1,0,0,1,1
"8月 29, 1997",1,0,0,0,0,0,1,1,0,0,0,1
"9月 05, 1997",0,1,0,0,1,1,0,1,0,1,1,1
"9月 12, 1997",0,0,1,1,1,1,1,1,1,0,1,1
"9月 19, 1997",0,0,0,0,1,1,1,1,0,1,1,1
"9月 26, 1997",0,0,1,1,1,1,1,1,1,1,0,0
"10月 03, 1997",0,0,1,1,1,1,0,0,1,0,0,1
"10月 10, 1997",1,0,0,0,0,0,0,1,0,0,1,1
"10月 17, 1997",0,0,0,0,1,0,1,1,0,1,0,0
"10月 24, 1997",0,0,1,1,1,1,0,0,1,1,1,0
"10月 31, 1997",1,1,1,1,1,0,1,0,1,0,0,1
"11月 07, 1997",0,0,0,0,0,0,0,1,1,1,1,0
"11月 14, 1997",0,0,1,1,1,1,1,0,1,1,0,0
"11月 21, 1997",1,0,1,1,0,1,0,0,1,1,1,0
"11月 28, 1997",1,0,1,1,1,1,1,0,1,0,1,1
"12月 05, 1997",0,0,0,0,0,0,1,1,0,1,1,1
"12月 12, 1997",1,0,1,1,1,1,1,1,0,0,0,0
"12月 19, 1997",0,0,0,0,0,0,0,0,0,0,1,0
"12月 26, 1997",1,0,0,0,1,1,1,0,0,0,1,1
"1月 02, 1998",0,0,0,0,1,1,1,1,0,0,1,1
"1月 09, 1998",0,0,0,0,1,1,1,1,0,1,1,0
"1月 16, 1998",0,0,1,1,1,1,1,0,1,1,1,0
"1月 23, 1998",0,0,1,1,0,0,1,0,1,0,0,0
"1月 30, 1998",0,0,0,0,1,1,0,0,1,1,1,0
"2月 06, 1998",1,0,0,1,1,1,1,0,1,1,0,0
"2月 13, 1998",0,0,1,1,0,0,0,0,1,1,1,0
"2月 20, 1998",0,0,1,1,1,0,1,0,1,0,1,0
"2月 27, 1998",1,0,0,0,1,1,1,0,0,0,1,0
"3月 06, 1998",1,1,0,0,0,0,1,0,0,0,1,0
"3月 13, 1998",1,0,0,0,0,0,1,0,0,1,1,0
"3月 20, 1998",0,0,1,1,1,1,1,0,1,1,0,0
"3月 27, 1998",1,0,1,1,0,1,0,0,0,1,1,0
"4月 03, 1998",0,1,1,1,0,0,1,0,0,1,0,1
"4月 10, 1998",1,0,1,1,0,1,0,1,1,1,0,1
"4月 17, 1998",1,0,1,1,1,1,0,1,0,1,1,0
"4月 24, 1998",0,0,1,1,1,1,1,0,0,1,1,1
"5月 01, 1998",1,1,1,1,1,0,1,1,0,0,0,1
"5月 08, 1998",0,0,0,0,1,1,0,1,0,1,0,0
"5月 15, 1998",1,0,1,1,0,0,0,0,1,0,1,1
"5月 22, 1998",1,0,0,0,1,1,1,1,0,0,1,1
"5月 29, 1998",1,0,0,0,1,1,1,1,0,0,0,0
"6月 05, 1998",0,1,0,0,1,1,0,0,0,0,0,1
"6月 12, 1998",1,0,0,0,1,1,0,1,0,0,1,1
"6月 19, 1998",0,0,0,0,1,1,1,1,0,1,0,0
"6月 26, 1998",0,0,1,1,0,1,0,0,1,0,0,1
"7月 03, 1998",0,0,0,0,0,0,0,1,0,0,1,1
"7月 10, 1998",1,0,0,0,1,1,1,1,0,1,0,1
"7月 17, 1998",0,0,1,1,0,0,0,1,1,1,1,1
"7月 24, 1998",0,0,1,1,1,0,1,1,1,1,1,1
"7月 31, 1998",0,1,1,1,0,0,1,1,0,1,0,0
"8月 07, 1998",0,0,1,1,0,0,0,0,1,0,1,1
"8月 14, 1998",1,0,0,0,0,0,1,1,0,0,0,1
"8月 21, 1998",1,0,0,0,0,1,0,1,0,0,0,0
"8月 28, 1998",1,0,0,0,1,1,0,0,0,0,0,1
"9月 04, 1998",0,1,0,0,0,0,0,1,0,0,1,1
"9月 11, 1998",1,0,0,0,0,0,1,1,0,0,1,1
"9月 18, 1998",0,0,0,0,1,1,1,1,0,1,1,1
"9月 25, 1998",0,0,1,1,0,0,1,1,1,1,0,0
"10月 02, 1998",0,1,1,1,0,1,0,0,1,1,0,0
"10月 09, 1998",0,0,1,1,0,0,0,0,1,1,0,0
"10月 16, 1998",0,0,1,1,1,1,0,0,1,1,0,0
"10月 23, 1998",1,0,1,1,0,0,0,0,1,1,1,0
"10月 30, 1998",1,0,1,1,1,0,1,0,0,0,1,1
"11月 06, 1998",1,1,0,0,1,1,1,1,0,0,0,1
"11月 13, 1998",1,0,0,0,1,1,0,1,0,1,1,0
"11月 20, 1998",0,0,1,1,0,0,1,0,0,0,0,1
"11月 27, 1998",0,0,0,0,1,1,0,1,0,0,1,1
"12月 04, 1998",1,0,0,0,1,1,1,1,0,1,1,1
"12月 11, 1998",1,0,1,1,1,1,1,1,1,1,0,0
"12月 18, 1998",0,0,1,1,0,0,0,0,1,0,0,1
"12月 25, 1998",1,0,0,0,1,1,0,1,0,0,1,1
"1月 01, 1999",1,0,0,0,1,1,1,1,0,1,1,1
"1月 08, 1999",0,1,1,1,1,1,1,1,0,1,0,0
"1月 15, 1999",0,0,1,1,1,1,0,0,1,1,1,0
"1月 22, 1999",0,0,1,1,0,0,1,0,1,1,1,0
"1月 29, 1999",1,0,1,1,1,1,1,0,1,1,1,0
"2月 05, 1999",1,1,1,1,1,1,1,0,1,0,1,1
"2月 12, 1999",1,0,0,0,0,0,1,1,0,1,1,0
"2月 19, 1999",0,0,1,1,1,1,1,0,1,0,0,0
"2月 26, 1999",0,1,0,0,0,0,0,0,0,1,1,0
"3月 05, 1999",1,1,1,1,0,0,1,0,1,1,0,0
"3月 12, 1999",0,0,1,1,0,0,0,0,1,1,1,0
"3月 19, 1999",0,0,1,1,0,0,1,0,1,1,0,0
"3月 26, 1999",1,0,1,1,0,0,0,0,1,0,1,1
"4月 02, 1999",1,0,0,0,0,0,1,1,0,1,1,1
"4月 09, 1999",1,1,1,1,1,1,1,1,0,0,0,0
"4月 16, 1999",1,0,0,0,0,1,0,0,0,0,1,1
"4月 23, 1999",0,0,0,0,0,0,1,1,0,0,0,0
"4月 30, 1999",1,0,0,0,1,1,0,0,0,0,1,0
"5月 07, 1999",0,0,0,0,1,1,1,0,0,1,0,1
"5月 14, 1999",0,1,1,1,0,0,0,1,1,0,0,1
"5月 21, 1999",1,0,0,0,0,1,0,1,0,0,0,1
"5月 28, 1999",0,0,0,0,1,1,0,1,0,1,1,0
"6月 04, 1999",1,1,1,1,1,1,1,0,1,1,0,1
"6月 11, 1999",0,0,1,1,0,0,0,1,0,0,0,0
"6月 18, 1999",0,0,0,0,0,1,0,0,0,0,1,1
"6月 25, 1999",0,0,0,0,0,0,1,1,0,0,1,1
"7月 02, 1999",0,1,0,0,0,0,1,1,1,1,1,1
"7月 09, 1999",1,0,1,1,0,0,1,1,1,1,0,1
"7月 16, 1999",1,0,1,1,0,0,0,1,0,0,0,1
"7月 23, 1999",0,0,0,0,0,0,0,1,0,0,0,1
"7月 30, 1999",1,0,0,0,0,0,0,1,0,0,1,0
"8月 06, 1999",1,0,0,0,0,0,1,0,0,0,1,1
"8月 13, 1999",0,0,0,0,1,1,1,1,0,0,0,1
"8月 20, 1999",0,0,0,0,1,1,0,1,0,1,0,1
"8月 27, 1999",0,0,1,1,0,0,0,1,1,0,0,0
"9月 03, 1999",1,0,0,0,0,0,0,0,0,0,1,1
"9月 10, 1999",0,1,0,0,1,0,1,1,0,1,1,1
"9月 17, 1999",0,0,0,1,1,1,1,1,0,0,0,1
"9月 24, 1999",0,0,0,0,0,0,0,1,0,0,0,0
"10月 01, 1999",1,0,0,0,1,1,0,0,1,0,1,0
"10月 08, 1999",0,1,0,0,1,1,1,0,0,1,0,0
"10月 15, 1999",0,0,1,1,0,1,0,0,1,1,1,0
"10月 22, 1999",0,0,1,1,0,0,1,0,1,1,0,0
"10月 29, 1999",1,0,1,1,0,0,0,0,1,1,0,0
"11月 05, 1999",0,0,0,1,0,0,0,0,1,1,0,0
"11月 12, 1999",0,0,1,1,0,0,0,0,1,0,0,0
"11月 19, 1999",1,0,0,0,0,0,0,0,0,0,1,1
"11月 26, 1999",1,0,0,0,1,1,1,1,0,0,1,1
"12月 03, 1999",1,1,0,0,1,1,1,1,0,0,0,0
"12月 10, 1999",0,0,0,0,0,0,0,0,0,0,1,0
"12月 17, 1999",1,0,0,0,0,0,1,0,0,0,0,0
"12月 24, 1999",0,0,0,0,0,0,0,0,1,0,1,0
"12月 31, 1999",1,0,0,0,0,0,1,0,0,1,0,1
"1月 07, 2000",0,0,1,1,1,1,0,1,1,0,0,0
"1月 14, 2000",0,0,1,0,1,1,0,0,1,0,1,0
"1月 21, 2000",1,0,0,0,1,0,1,0,0,0,1,0
"1月 28, 2000",1,0,0,0,1,0,1,0,0,1,0,0
"2月 04, 2000",0,0,1,1,0,1,0,0,1,0,1,0
"2月 11, 2000",1,1,1,0,0,0,1,0,0,0,1,0
"2月 18, 2000",1,0,0,0,0,0,1,0,0,1,0,1
"2月 25, 2000",1,0,1,1,0,1,0,1,0,1,1,1
"3月 03, 2000",1,0,1,1,1,1,1,1,1,1,0,1
"3月 10, 2000",1,0,1,1,0,0,0,1,0,1,1,0
"3月 17, 2000",0,0,1,1,1,1,1,0,0,0,1,0
"3月 24, 2000",1,0,0,0,1,1,1,0,0,1,1,0
"3月 31, 2000",1,0,1,1,1,1,1,0,0,1,0,0
"4月 07, 2000",1,1,1,1,0,0,0,0,0,1,1,0
"4月 14, 2000",1,0,1,1,0,0,1,0,1,1,0,1
"4月 21, 2000",0,0,1,1,0,0,0,1,1,0,1,1
"4月 28, 2000",1,0,0,0,1,1,1,1,0,1,0,0
"5月 05, 2000",0,1,1,1,0,0,0,0,1,1,0,1
"5月 12, 2000",1,0,1,1,1,1,0,1,0,1,0,1
"5月 19, 2000",1,0,1,1,1,1,0,1,0,0,0,1
"5月 26, 2000",1,0,0,0,0,0,0,1,0,0,1,1
"6月 02, 2000",1,0,0,0,1,1,1,1,0,0,1,1
"6月 09, 2000",0,0,0,0,1,1,1,1,0,0,1,0
"6月 16, 2000",1,0,0,0,1,0,1,0,0,1,0,1
"6月 23, 2000",1,0,0,1,1,1,0,1,0,0,1,0
"6月 30, 2000",0,0,0,0,1,0,1,0,0,1,0,1
"7月 07, 2000",0,0,1,1,1,1,0,1,1,0,0,1
"7月 14, 2000",1,0,0,0,1,1,0,1,0,1,1,1
"7月 21, 2000",1,0,1,1,1,1,1,1,0,0,0,1
"7月 28, 2000",0,0,0,0,0,1,0,1,0,1,1,0
"8月 04, 2000",0,1,1,1,0,0,1,0,1,1,1,1
"8月 11, 2000",1,0,1,1,0,0,1,1,1,0,0,1
"8月 18, 2000",1,0,0,0,0,0,0,1,0,1,0,1
"8月 25, 2000",0,0,1,1,0,0,0,1,1,1,1,0
"9月 01, 2000",1,0,1,1,0,0,1,0,1,0,0,1
"9月 08, 2000",0,0,0,0,0,0,0,1,0,0,0,1
"9月 15, 2000",0,0,0,0,0,0,0,1,0,0,0,0
"9月 22, 2000",1,0,0,0,1,1,0,0,0,1,0,0
"9月 29, 2000",0,0,1,1,1,1,0,0,1,1,1,0
"10月 06, 2000",0,0,1,1,1,0,1,0,1,0,0,0
"10月 13, 2000",0,0,0,0,0,0,0,0,0,1,0,0
"10月 20, 2000",1,0,1,1,0,0,0,0,1,0,1,1
"10月 27, 2000",1,0,0,0,0,0,1,1,0,0,1,1
"11月 03, 2000",1,1,0,0,0,0,1,1,0,1,0,0
"11月 10, 2000",0,0,0,1,1,1,0,0,0,1,0,0
"11月 17, 2000",0,0,1,1,0,1,0,0,1,0,0,1
"11月 24, 2000",0,0,0,0,1,1,0,1,1,1,1,1
"12月 01, 2000",1,1,1,1,1,1,1,1,1,0,1,0
"12月 08, 2000",1,0,0,0,1,1,1,0,0,1,1,1
"12月 15, 2000",1,0,0,1,1,1,1,1,1,0,0,0
"12月 22, 2000",0,0,0,0,0,0,0,0,0,0,1,1
"12月 29, 2000",1,0,0,0,0,0,1,1,0,0,1,1
"1月 05, 2001",0,1,0,0,1,1,1,1,0,0,1,0
"1月 12, 2001",1,0,0,0,1,0,1,0,0,0,0,1
"1月 19, 2001",0,0,0,0,1,1,0,1,0,0,1,0
"1月 26, 2001",0,0,0,0,1,1,1,0,0,1,1,1
"2月 02, 2001",0,0,1,1,0,0,1,1,1,1,0,1
"2月 09, 2001",0,0,1,1,0,1,0,1,1,0,1,1
"2月 16, 2001",1,0,0,0,1,0,1,1,0,1,0,0
"2月 23, 2001",1,0,1,1,0,1,0,0,1,0,1,0
"3月 02, 2001",1,0,0,0,0,0,1,0,0,1,0,0
"3月 09, 2001",0,0,1,1,0,0,0,0,1,1,1,0
"3月 16, 2001",1,0,1,1,0,0,1,0,1,1,1,0
"3月 23, 2001",0,0,1,1,0,0,1,0,1,1,1,0
"3月 30, 2001",0,1,1,1,0,0,1,0,1,1,1,0
"4月 06, 2001",1,0,1,1,1,1,1,0,1,1,0,1
"4月 13, 2001",1,0,1,1,0,1,0,1,1,0,0,0
"4月 20, 2001",1,0,0,0,1,1,0,0,0,1,1,1
"4月 27, 2001",0,0,1,1,1,1,1,1,0,1,0,1
"5月 04, 2001",0,0,1,1,1,1,0,1,0,1,1,0
"5月 11, 2001",0,0,1,1,1,1,1,0,1,1,0,0
"5月 18, 2001",1,0,1,1,0,0,0,0,1,0,0,1
"5月 25, 2001",1,0,0,0,1,1,0,1,0,1,1,1
"6月 01, 2001",1,1,1,1,1,1,1,1,0,0,1,0
"6月 08, 2001",0,0,0,0,1,1,1,0,0,0,0,1
"6月 15, 2001",0,0,0,0,1,1,0,1,0,0,1,1
"6月 22, 2001",0,0,0,0,1,1,1,1,1,0,0,1
"6月 29, 2001",1,0,0,0,1,1,0,1,0,0,0,1
"7月 06, 2001",0,0,0,0,0,1,0,1,0,1,0,1
"7月 13, 2001",0,0,1,1,0,0,0,1,1,1,0,1
"7月 20, 2001",0,0,1,1,0,0,0,1,1,0,0,1
"7月 27, 2001",0,0,0,0,0,0,0,1,1,0,0,1
"8月 03, 2001",0,1,0,0,0,0,0,1,0,0,0,0
"8月 10, 2001",1,0,0,0,0,0,0,0,0,0,0,1
"8月 17, 2001",0,0,0,0,0,0,0,1,0,1,0,0
"8月 24, 2001",0,0,1,1,0,0,0,0,1,0,1,0
"8月 31, 2001",1,1,0,0,0,0,1,0,0,1,1,1
"9月 07, 2001",1,0,1,1,1,0,1,1,0,0,1,1
"9月 14, 2001",0,0,0,0,0,0,1,1,0,1,1,0
"9月 21, 2001",0,0,1,1,1,1,1,0,1,1,1,1
"9月 28, 2001",1,0,1,1,1,1,1,1,1,0,1,1
"10月 05, 2001",1,0,0,0,1,1,1,1,1,0,1,1
"10月 12, 2001",1,0,0,0,1,1,1,1,0,1,0,1
"10月 19, 2001",1,0,1,1,1,1,0,1,0,1,0,1
"10月 26, 2001",1,0,1,1,0,0,0,1,1,1,0,1
"11月 02, 2001",0,0,1,1,0,1,0,1,1,0,0,1
"11月 09, 2001",0,0,1,0,0,0,0,1,1,0,1,0
"11月 16, 2001",1,0,0,0,1,1,1,0,0,0,1,1
"11月 23, 2001",1,0,0,0,1,0,1,1,0,1,1,1
"11月 30, 2001",1,1,1,1,1,1,1,1,1,0,0,1
"12月 07, 2001",0,0,0,0,0,0,0,1,0,1,0,0
"12月 14, 2001",1,0,1,1,0,0,0,0,0,1,0,0
"12月 21, 2001",0,0,1,1,0,0,0,0,1,0,1,1
"12月 28, 2001",1,0,0,0,1,0,1,1,0,1,0,1
"1月 04, 2002",0,1,1,1,0,1,0,1,1,1,1,0
"1月 11, 2002",1,0,1,1,1,1,1,0,0,1,1,0
"1月 18, 2002",0,0,1,1,1,1,1,0,1,1,1,0
"1月 25, 2002",0,0,1,1,1,1,1,0,1,1,0,0
"2月 01, 2002",1,1,1,1,0,1,0,0,1,1,0,1
"2月 08, 2002",1,0,1,1,1,1,0,1,1,0,1,0
"2月 15, 2002",1,0,0,0,0,0,1,0,0,0,1,0
"2月 22, 2002",1,0,0,0,0,0,1,0,0,1,0,0
"3月 01, 2002",0,0,1,1,0,0,0,0,1,1,0,0
"3月 08, 2002",0,0,1,1,0,0,0,0,1,1,1,0
"3月 15, 2002",1,0,1,1,0,0,1,0,1,0,0,0
"3月 22, 2002",1,0,0,0,0,0,0,0,0,1,1,0
"3月 29, 2002",1,0,1,1,1,1,1,0,1,1,1,1
"4月 05, 2002",1,1,1,1,1,0,1,1,0,0,0,0
"4月 12, 2002",1,0,0,0,0,0,0,0,0,1,0,0
"4月 19, 2002",0,0,1,1,0,1,0,0,0,1,0,1
"4月 26, 2002",1,0,1,1,1,1,0,1,1,0,0,1
"5月 03, 2002",1,0,0,0,1,1,0,1,0,0,1,1
"5月 10, 2002",0,0,0,0,1,1,1,1,0,1,0,1
"5月 17, 2002",0,0,1,1,0,0,0,1,1,0,1,1
"5月 24, 2002",1,0,0,0,1,1,1,1,0,1,0,1
"5月 31, 2002",1,0,1,1,0,0,0,1,1,0,1,1
"6月 07, 2002",0,0,0,0,0,0,1,1,0,0,1,1
"6月 14, 2002",1,0,1,0,1,1,1,1,0,0,0,0
"6月 21, 2002",0,0,0,0,1,1,0,0,0,1,0,0
"6月 28, 2002",1,0,1,1,1,1,0,0,1,0,1,1
"7月 05, 2002",1,0,0,0,0,0,1,1,0,0,0,1
"7月 12, 2002",0,1,0,0,0,0,0,1,0,0,0,0
"7月 19, 2002",0,0,0,0,0,1,0,0,0,0,1,1
"7月 26, 2002",1,0,0,0,0,0,1,1,0,0,1,1
"8月 02, 2002",0,0,0,0,1,0,1,1,0,0,0,0
"8月 09, 2002",0,0,0,0,0,0,0,0,0,1,0,0
"8月 16, 2002",1,0,1,1,1,1,0,0,1,1,0,0
"8月 23, 2002",0,0,1,1,0,0,0,0,1,0,1,0
"8月 30, 2002",1,1,0,0,0,0,1,0,0,0,0,1
"9月 06, 2002",1,0,0,0,1,1,0,1,0,0,1,0
"9月 13, 2002",0,0,0,0,0,0,1,0,0,0,1,0
"9月 20, 2002",1,0,0,0,1,1,1,0,0,0,0,1
"9月 27, 2002",0,0,0,0,1,1,0,1,0,0,0,0
"10月 04, 2002",0,0,0,0,0,0,0,0,1,1,0,0
"10月 11, 2002",0,0,1,1,0,0,0,0,1,1,0,1
"10月 18, 2002",1,0,1,1,0,0,0,1,1,1,1,0
"10月 25, 2002",1,0,1,1,0,0,1,0,1,1,0,0
"11月 01, 2002",1,0,1,1,0,0,0,0,0,0,1,0
"11月 08, 2002",0,0,0,0,1,1,1,0,0,1,0,1
"11月 15, 2002",1,0,1,1,0,1,0,1,1,0,1,0
"11月 22, 2002",1,0,0,0,1,1,1,0,0,1,1,0
"11月 29, 2002",1,0,1,1,1,0,1,0,1,1,1,1
"12月 06, 2002",0,0,1,1,1,1,1,1,0,0,0,1
"12月 13, 2002",0,0,0,0,0,0,0,1,0,1,0,1
"12月 20, 2002",0,0,1,1,1,1,0,1,1,0,1,1
"12月 27, 2002",1,0,0,0,0,0,1,1,0,1,1,1
"1月 03, 2003",0,0,1,1,1,1,1,1,1,0,1,1
"1月 10, 2003",1,0,0,0,1,1,1,1,0,1,1,0
"1月 17, 2003",0,0,1,1,1,0,1,0,1,0,1,0
"1月 24, 2003",0,0,0,0,0,0,1,0,1,1,1,0
"1月 31, 2003",0,0,1,1,0,0,1,0,1,0,1,0
"2月 07, 2003",1,0,0,0,1,1,1,0,0,1,0,0
"2月 14, 2003",1,0,1,1,0,0,0,0,1,0,1,0
"2月 21, 2003",1,0,0,0,0,0,1,0,0,1,0,0
"2月 28, 2003",0,0,1,1,0,0,0,0,0,0,1,1
"3月 07, 2003",1,0,0,0,0,0,1,1,0,1,1,0
"3月 14, 2003",1,0,1,1,0,0,1,0,0,1,1,1
"3月 21, 2003",0,0,1,1,0,0,1,1,1,1,1,0
"3月 28, 2003",1,0,1,1,1,1,1,0,1,0,1,0
"4月 04, 2003",1,0,0,0,1,1,1,0,0,1,1,0
"4月 11, 2003",1,0,1,1,0,0,1,0,0,1,0,1
"4月 18, 2003",0,0,1,1,0,1,0,1,1,1,1,0
"4月 25, 2003",1,0,1,1,1,1,1,0,0,0,1,1
"5月 02, 2003",1,0,0,0,1,1,1,1,0,0,0,1
"5月 09, 2003",1,0,0,0,1,1,0,1,0,1,0,1
"5月 16, 2003",0,0,1,1,0,1,0,1,0,1,0,0
"5月 23, 2003",0,0,1,1,0,0,0,0,0,1,0,1
"5月 30, 2003",1,0,1,1,1,1,0,1,1,0,0,1
"6月 06, 2003",0,0,0,0,1,1,0,1,0,1,0,1
"6月 13, 2003",0,0,1,1,0,0,0,1,1,0,0,0
"6月 20, 2003",0,0,0,0,0,0,0,0,0,0,0,1
"6月 27, 2003",1,0,0,0,0,0,0,1,0,0,1,0
"7月 04, 2003",1,0,1,0,1,0,1,0,1,0,0,1
"7月 11, 2003",1,0,0,0,1,1,0,1,0,0,0,1
"7月 18, 2003",0,0,0,0,0,0,0,1,0,1,1,1
"7月 25, 2003",1,0,1,1,0,0,1,1,1,1,0,1
"8月 01, 2003",0,0,1,1,0,0,0,1,1,1,0,1
"8月 08, 2003",1,0,1,1,0,0,0,1,1,0,0,1
"8月 15, 2003",1,0,0,0,0,1,0,1,0,0,0,1
"8月 22, 2003",0,0,1,0,0,0,0,1,0,1,1,1
"8月 29, 2003",1,0,1,1,1,1,1,1,1,0,0,1
"9月 05, 2003",1,0,0,0,1,1,0,1,0,1,1,1
"9月 12, 2003",1,0,1,1,1,1,1,1,1,1,1,0
"9月 19, 2003",0,0,1,1,1,0,1,0,1,0,0,1
"9月 26, 2003",0,0,1,0,1,1,0,1,1,1,1,1
"10月 03, 2003",0,0,1,1,0,0,1,1,1,1,0,0
"10月 10, 2003",1,0,1,1,0,0,0,0,1,0,0,1
"10月 17, 2003",1,0,0,0,1,1,0,1,0,1,0,1
"10月 24, 2003",1,0,1,1,0,0,0,1,1,1,1,0
"10月 31, 2003",1,0,1,1,0,0,1,0,0,0,1,0
"11月 07, 2003",0,0,1,0,1,0,1,0,0,1,1,0
"11月 14, 2003",1,0,1,1,0,0,1,0,1,0,0,0
"11月 21, 2003",0,0,0,0,1,1,0,0,0,0,1,1
"11月 28, 2003",1,0,0,0,1,1,1,1,0,0,1,1
"12月 05, 2003",1,0,0,0,1,1,1,1,0,0,1,0
"12月 12, 2003",0,0,0,0,1,1,1,0,0,1,1,0
"12月 19, 2003",0,0,1,1,1,0,1,0,1,0,0,1
"12月 26, 2003",1,0,0,0,1,1,0,1,0,0,1,1
"1月 02, 2004",1,0,1,0,1,1,1,1,0,0,1,1
"1月 09, 2004",0,0,0,0,1,1,1,1,0,1,1,0
"1月 16, 2004",0,0,1,1,1,1,1,0,1,0,0,0
"1月 23, 2004",0,0,0,0,0,0,0,0,1,1,1,0
"1月 30, 2004",0,0,1,1,0,0,1,0,1,0,0,0
"2月 06, 2004",1,0,0,0,0,0,0,0,0,1,1,0
"2月 13, 2004",1,0,1,1,1,0,1,0,1,0,0,0
"2月 20, 2004",0,0,1,0,0,0,0,0,1,1,1,0
"2月 27, 2004",1,0,1,1,0,0,1,0,1,1,1,1
"3月 05, 2004",1,0,1,1,0,0,1,1,1,1,1,0
"3月 12, 2004",0,0,1,1,0,0,1,0,1,1,0,0
"3月 19, 2004",1,0,1,1,0,1,0,0,1,1,0,0
"3月 26, 2004",1,0,1,1,1,1,0,0,1,0,0,0
"4月 02, 2004",1,0,0,0,0,0,0,0,0,1,1,0
"4月 09, 2004",0,1,1,1,0,0,1,0,1,1,0,1
"4月 16, 2004",1,0,1,1,1,1,0,1,0,1,1,1
"4月 23, 2004",0,0,1,1,1,0,1,1,1,1,1,1
"4月 30, 2004",1,0,1,1,1,1,1,1,0,1,0,1
"5月 07, 2004",1,0,1,1,0,1,0,1,0,0,0,1
"5月 14, 2004",0,0,0,0,1,1,0,1,0,1,0,0
"5月 21, 2004",0,0,1,1,0,1,0,0,0,1,1,1
"5月 28, 2004",0,0,1,1,1,0,1,1,1,1,1,0
"6月 04, 2004",1,0,1,1,1,1,1,0,0,1,1,1
"6月 11, 2004",1,0,1,1,0,0,1,1,0,1,0,1
"6月 18, 2004",0,0,1,1,0,0,0,1,1,0,0,1
"6月 25, 2004",1,0,1,0,1,1,0,1,0,1,1,1
"7月 02, 2004",1,0,1,1,1,0,1,1,0,0,0,1
"7月 09, 2004",0,0,0,0,0,1,0,1,0,0,1,1
"7月 16, 2004",0,0,0,0,1,1,1,1,0,1,0,1
"7月 23, 2004",1,0,1,1,0,0,0,1,0,0,1,1
"7月 30, 2004",0,0,0,0,1,1,1,1,0,0,1,1
"8月 06, 2004",0,0,0,0,0,0,1,1,0,0,0,1
"8月 13, 2004",1,0,0,0,0,0,0,1,0,0,1,1
"8月 20, 2004",1,0,0,0,1,0,1,1,0,0,1,1
"8月 27, 2004",0,0,0,0,1,1,1,1,0,0,0,1
"9月 03, 2004",1,0,0,0,0,0,0,1,0,0,0,1
"9月 10, 2004",0,0,0,0,0,0,0,1,0,0,0,0
"9月 17, 2004",0,1,0,0,0,0,0,0,0,1,1,0
"9月 24, 2004",0,0,1,1,0,0,1,0,1,1,0,0
"10月 01, 2004",1,0,1,1,1,1,0,0,1,1,1,0
"10月 08, 2004",0,1,1,1,1,1,1,0,1,1,0,0
"10月 15, 2004",1,0,1,1,0,0,0,0,1,1,0,0
"10月 22, 2004",1,0,1,1,1,1,0,0,0,1,0,0
"10月 29, 2004",1,0,1,1,1,1,0,0,1,1,0,0
"11月 05, 2004",1,1,1,1,0,1,0,0,0,1,1,0
"11月 12, 2004",1,0,1,1,0,0,1,0,0,1,0,1
"11月 19, 2004",0,0,1,1,1,1,0,1,0,1,1,1
"11月 26, 2004",1,0,1,1,1,1,1,1,0,1,1,1
"12月 03, 2004",1,0,1,1,1,1,1,1,0,0,1,1
"12月 10, 2004",0,0,1,0,1,1,1,1,0,1,1,1
"12月 17, 2004",0,0,1,1,1,1,1,1,1,0,0,0
"12月 24, 2004",1,0,0,0,1,1,0,0,0,0,1,1
"12月 31, 2004",1,0,0,0,1,1,1,1,0,0,1,1
"1月 07, 2005",0,0,0,0,1,1,1,1,0,1,1,1
"1月 14, 2005",0,0,1,1,1,0,1,1,1,1,0,0
"1月 21, 2005",0,0,1,1,0,0,0,0,1,0,1,0
"1月 28, 2005",1,0,1,0,1,1,1,0,1,0,0,0
"2月 04, 2005",0,1,0,0,1,1,0,0,0,1,1,0
"2月 11, 2005",1,0,1,1,1,1,1,0,1,1,1,0
"2月 18, 2005",0,0,1,1,1,1,1,0,1,1,1,0
"2月 25, 2005",0,0,1,1,1,1,1,0,1,1,1,0
"3月 04, 2005",1,0,1,1,0,0,1,0,1,1,1,0
"3月 11, 2005",1,0,1,1,0,0,1,0,1,1,0,0
"3月 18, 2005",0,0,1,1,0,0,0,0,1,1,0,0
"3月 25, 2005",1,0,1,1,0,0,0,0,1,1,0,1
"4月 01, 2005",1,0,1,1,0,1,0,1,0,1,1,0
"4月 08, 2005",0,1,1,1,1,0,1,0,1,0,0,1
"4月 15, 2005",1,0,0,0,0,1,0,1,0,1,0,0
"4月 22, 2005",0,0,1,1,0,1,0,0,1,1,1,0
"4月 29, 2005",1,1,1,1,1,1,1,0,1,1,0,1
"5月 06, 2005",0,0,1,1,1,1,0,1,1,1,0,0
"5月 13, 2005",1,0,1,1,1,1,0,0,1,0,0,1
"5月 20, 2005",1,0,0,0,1,1,0,1,0,1,1,1
"5月 27, 2005",1,0,1,1,1,1,1,1,0,0,1,1
"6月 03, 2005",0,1,0,0,0,0,1,1,0,0,1,1
"6月 10, 2005",1,0,0,0,0,0,1,1,0,0,1,1
"6月 17, 2005",0,0,0,0,1,0,1,1,0,1,0,1
"6月 24, 2005",1,0,1,1,1,1,0,1,0,0,0,1
"7月 01, 2005",1,0,0,0,0,0,0,1,0,0,0,1
"7月 08, 2005",0,0,0,0,0,0,0,1,0,0,1,1
"7月 15, 2005",0,0,0,0,0,0,1,1,1,0,0,1
"7月 22, 2005",1,0,0,0,0,0,0,1,0,1,0,1
"7月 29, 2005",1,0,1,1,0,0,0,1,1,1,0,1
"8月 05, 2005",0,0,1,1,0,0,0,1,1,1,0,1
"8月 12, 2005",0,0,1,1,0,0,0,1,0,1,0,1
"8月 19, 2005",1,0,1,1,0,0,0,1,1,0,0,1
"8月 26, 2005",1,0,0,0,0,0,0,1,0,0,0,0
"9月 02, 2005",0,0,0,0,0,0,0,0,0,0,1,0
"9月 09, 2005",1,0,0,0,1,1,1,0,0,0,1,1
"9月 16, 2005",1,0,0,0,1,1,1,1,1,0,1,0
"9月 23, 2005",0,0,0,0,1,1,1,0,1,0,0,0
"9月 30, 2005",0,0,0,0,0,0,0,0,1,1,0,0
"10月 07, 2005",1,0,0,1,0,0,0,0,1,1,0,0
"10月 14, 2005",1,0,1,1,1,1,0,0,1,1,1,0
"10月 21, 2005",1,0,1,1,1,0,1,0,1,1,0,0
"10月 28, 2005",1,0,1,1,1,1,0,0,0,1,1,0
"11月 04, 2005",1,1,1,1,1,1,1,0,0,0,0,1
"11月 11, 2005",1,0,0,0,0,1,0,1,0,1,0,1
"11月 18, 2005",1,0,1,1,1,1,0,1,0,0,0,1
"11月 25, 2005",1,0,0,0,0,1,0,1,0,1,1,1
"12月 02, 2005",1,0,1,1,1,1,1,1,0,1,1,0
"12月 09, 2005",0,0,1,1,1,1,1,0,0,1,1,0
"12月 16, 2005",0,0,1,1,0,0,1,0,1,1,0,0
"12月 23, 2005",1,0,1,1,0,0,0,0,0,0,1,1
"12月 30, 2005",1,0,0,0,1,0,1,1,0,0,1,1
"1月 06, 2006",1,0,0,0,1,1,1,1,0,1,1,1
"1月 13, 2006",0,0,1,1,1,1,1,1,1,0,1,1
"1月 20, 2006",0,0,0,0,1,1,1,1,0,1,1,0
"1月 27, 2006",1,0,1,1,1,1,1,0,1,0,1,0
"2月 03, 2006",0,0,0,0,1,1,1,0,1,1,1,1
"2月 10, 2006",1,0,1,1,1,1,1,1,1,1,1,0
"2月 17, 2006",0,0,1,1,1,0,1,0,1,1,1,0
"2月 24, 2006",0,0,1,1,1,0,1,0,1,1,1,0
"3月 03, 2006",0,0,1,1,0,0,1,0,1,1,0,0
"3月 10, 2006",1,0,1,1,0,0,0,0,1,0,1,0
"3月 17, 2006",1,0,0,0,0,0,1,0,0,1,0,0
"3月 24, 2006",1,0,1,1,0,0,0,0,0,1,0,0
"3月 31, 2006",0,1,1,1,0,0,0,0,0,1,1,0
"4月 07, 2006",0,0,1,1,0,0,1,0,1,0,1,0
"4月 14, 2006",1,0,0,0,0,0,1,0,0,0,0,1
"4月 21, 2006",1,0,0,0,0,0,0,1,0,1,1,0
"4月 28, 2006",0,0,1,1,1,0,1,0,0,1,1,1
"5月 05, 2006",1,0,1,1,1,1,1,1,0,0,1,0
"5月 12, 2006",1,0,1,0,1,1,1,0,0,0,0,1
"5月 19, 2006",0,0,0,0,1,1,0,1,0,1,0,1
"5月 26, 2006",1,0,1,1,1,1,0,1,0,1,1,1
"6月 02, 2006",1,1,1,1,1,1,1,1,0,0,1,1
"6月 09, 2006",1,0,0,0,1,1,1,1,0,1,0,1
"6月 16, 2006",1,0,1,1,1,1,0,1,0,0,0,1
"6月 23, 2006",1,0,0,0,0,0,0,1,0,0,1,1
"6月 30, 2006",0,1,0,0,1,0,1,1,0,0,1,1
"7月 07, 2006",0,0,0,0,0,0,1,1,0,1,1,1
"7月 14, 2006",1,0,1,1,1,1,1,1,0,1,0,1
"7月 21, 2006",0,0,1,1,0,0,0,1,1,0,1,1
"7月 28, 2006",0,0,0,0,0,0,1,1,0,0,0,0
"8月 04, 2006",1,1,0,0,0,0,0,0,0,0,0,1
"8月 11, 2006",0,0,0,0,0,0,0,1,0,0,1,1
"8月 18, 2006",1,0,0,0,1,0,1,1,0,1,1,1
"8月 25, 2006",1,0,1,1,1,0,1,1,1,0,1,1
"9月 01, 2006",1,0,0,0,1,0,1,1,0,0,1,1
"9月 08, 2006",1,0,0,0,1,0,1,1,0,0,1,1
"9月 15, 2006",0,0,0,0,1,1,1,1,0,0,1,1
"9月 22, 2006",0,0,0,0,1,1,1,1,0,1,1,1
"9月 29, 2006",0,0,1,1,1,1,1,1,1,1,1,0
"10月 06, 2006",1,0,1,1,1,1,1,0,1,1,0,0
"10月 13, 2006",0,0,1,1,0,0,0,0,1,0,1,0
"10月 20, 2006",1,0,0,0,0,0,1,0,1,1,0,0
"10月 27, 2006",1,0,1,1,0,0,0,0,1,1,1,0
"11月 03, 2006",0,0,1,1,0,0,1,0,1,1,0,0
"11月 10, 2006",0,0,1,1,0,0,0,0,0,1,1,0
"11月 17, 2006",1,0,1,1,1,0,1,0,1,0,1,0
"11月 24, 2006",1,0,0,0,0,0,1,0,0,0,0,0
"12月 01, 2006",1,0,0,0,0,1,0,0,0,0,0,0
"12月 08, 2006",0,0,0,0,0,1,0,0,0,0,1,1
"12月 15, 2006",1,0,0,0,1,1,1,1,0,0,0,1
"12月 22, 2006",1,0,0,0,1,1,0,1,0,0,1,1
"12月 29, 2006",0,0,0,0,1,1,1,1,0,0,1,1
"1月 05, 2007",1,1,0,0,1,1,1,1,0,1,1,1
"1月 12, 2007",0,0,1,1,1,1,1,1,1,1,1,1
"1月 19, 2007",0,0,1,1,1,1,1,1,1,1,1,0
"1月 26, 2007",0,0,1,1,1,1,1,0,1,0,1,0
"2月 02, 2007",1,0,0,0,1,1,1,0,1,0,0,0
"2月 09, 2007",0,1,0,0,0,0,0,0,1,1,0,0
"2月 16, 2007",0,0,1,1,0,0,0,0,1,1,0,0
"2月 23, 2007",1,0,1,1,0,0,0,0,1,0,0,0
"3月 02, 2007",1,0,0,0,0,0,0,0,0,1,0,0
"3月 09, 2007",0,0,1,1,0,0,0,0,1,1,0,0
"3月 16, 2007",1,0,1,1,0,0,0,0,1,0,1,0
"3月 23, 2007",1,0,0,0,0,0,1,0,0,1,0,0
"3月 30, 2007",0,0,1,1,0,0,0,0,1,1,0,1
"4月 06, 2007",1,1,1,1,0,0,0,1,0,0,0,0
"4月 13, 2007",1,0,0,0,0,0,0,0,0,1,0,1
"4月 20, 2007",0,0,1,1,0,0,0,1,1,1,0,0
"4月 27, 2007",1,0,1,1,0,0,0,0,0,1,0,1
"5月 04, 2007",1,0,1,1,1,1,0,1,1,1,1,1
"5月 11, 2007",1,1,1,1,1,1,1,1,1,1,0,1
"5月 18, 2007",1,0,1,1,1,1,0,1,0,0,0,1
"5月 25, 2007",0,0,0,0,1,1,0,1,0,1,1,1
"6月 01, 2007",0,0,1,1,1,1,1,1,0,1,0,1
"6月 08, 2007",0,0,1,1,1,1,0,1,0,1,1,1
"6月 15, 2007",0,0,1,1,1,0,1,1,1,1,0,0
"6月 22, 2007",1,0,1,1,0,1,0,0,1,1,1,1
"6月 29, 2007",1,0,1,1,1,1,1,1,1,0,1,1
"7月 06, 2007",1,0,0,0,1,0,1,1,0,0,0,0
"7月 13, 2007",1,0,0,0,0,0,0,0,0,0,1,1
"7月 20, 2007",1,0,0,0,1,0,1,1,0,0,1,1
"7月 27, 2007",1,0,0,0,1,0,1,1,0,0,0,1
"8月 03, 2007",0,1,0,0,0,0,0,1,0,0,0,1
"8月 10, 2007",0,0,0,0,0,0,0,1,0,1,0,1
"8月 17, 2007",0,0,1,1,0,0,0,1,1,0,0,1
"8月 24, 2007",0,0,0,0,0,0,0,1,0,0,0,1
"8月 31, 2007",1,1,0,0,0,0,0,1,0,0,1,1
"9月 07, 2007",0,0,0,0,0,0,1,1,0,0,1,1
"9月 14, 2007",0,0,0,0,1,1,1,1,0,1,1,1
"9月 21, 2007",0,0,1,1,1,0,1,1,1,1,1,0
"9月 28, 2007",1,0,1,1,0,0,1,0,1,0,1,0
"10月 05, 2007",0,0,0,0,1,1,1,0,1,1,1,1
"10月 12, 2007",1,0,1,1,1,0,1,1,1,0,0,0
"10月 19, 2007",0,0,0,0,0,0,0,0,0,0,1,1
"10月 26, 2007",0,0,0,0,1,1,1,1,0,0,0,1
"11月 02, 2007",0,0,0,0,0,0,0,1,0,1,1,0
"11月 09, 2007",1,0,1,1,1,0,1,0,1,0,1,0
"11月 16, 2007",0,0,0,0,1,1,1,0,0,0,1,0
"11月 23, 2007",1,0,0,0,1,0,1,0,0,0,1,1
"11月 30, 2007",0,0,0,0,1,1,1,1,0,0,1,0
"12月 07, 2007",0,0,0,0,1,1,1,0,0,0,1,0
"12月 14, 2007",0,0,0,0,1,1,1,0,0,0,1,0
"12月 21, 2007",0,0,0,0,1,0,1,0,0,0,1,1
"12月 28, 2007",1,0,0,0,1,1,1,1,0,0,1,1
"1月 04, 2008",1,0,0,0,1,1,1,1,0,1,1,1
"1月 11, 2008",0,0,1,1,1,1,1,1,1,1,1,0
"1月 18, 2008",0,0,1,1,1,1,1,0,1,1,1,0
"1月 25, 2008",0,0,1,1,1,1,1,0,1,1,1,1
"2月 01, 2008",0,0,1,1,1,1,1,1,1,1,1,0
"2月 08, 2008",1,0,1,1,1,1,1,0,1,1,1,0
"2月 15, 2008",0,0,1,1,1,1,1,0,1,1,1,0
"2月 22, 2008",1,0,1,1,1,1,1,0,1,0,1,0
"2月 29, 2008",1,0,0,0,1,1,1,0,0,1,1,0
"3月 07, 2008",0,0,1,1,1,1,1,0,1,1,0,0
"3月 14, 2008",0,0,1,1,0,0,0,0,0,1,0,0
"3月 21, 2008",0,0,1,1,0,0,0,0,1,1,0,0
"3月 28, 2008",1,0,1,1,0,0,0,0,1,0,0,0
"4月 04, 2008",1,1,0,0,0,0,0,0,0,0,0,1
"4月 11, 2008",0,0,0,0,0,0,0,1,0,1,0,0
"4月 18, 2008",1,0,1,1,0,0,0,0,0,1,0,1
"4月 25, 2008",0,0,1,1,0,1,0,1,1,1,1,0
"5月 02, 2008",0,0,1,1,1,0,1,0,1,1,1,1
"5月 09, 2008",1,0,1,1,0,0,1,1,0,0,0,1
"5月 16, 2008",1,0,0,0,0,1,0,1,0,0,0,1
"5月 23, 2008",1,0,0,0,0,1,0,1,0,0,1,1
"5月 30, 2008",1,1,0,0,1,1,1,1,0,0,1,1
"6月 06, 2008",0,0,0,0,1,0,1,1,0,0,0,1
"6月 13, 2008",1,0,0,0,0,1,0,1,0,1,0,1
"6月 20, 2008",0,0,1,1,0,1,0,1,1,0,1,1
"6月 27, 2008",1,0,0,0,1,1,1,1,0,0,1,1
"7月 04, 2008",1,0,0,0,1,0,1,1,0,1,1,1
"7月 11, 2008",0,0,1,1,1,1,1,1,1,0,1,1
"7月 18, 2008",0,0,0,0,1,1,1,1,0,0,0,1
"7月 25, 2008",1,0,1,0,0,0,0,1,1,1,0,1
"8月 01, 2008",0,1,1,1,0,0,0,1,1,0,0,0
"8月 08, 2008",0,0,1,0,0,0,0,0,1,1,0,1
"8月 15, 2008",0,0,1,1,0,0,0,1,1,0,0,1
"8月 22, 2008",1,0,0,0,0,0,0,1,0,0,0,0
"8月 29, 2008",1,1,0,0,0,1,0,0,0,0,0,0
"9月 05, 2008",0,0,0,0,0,0,0,0,0,0,0,0
"9月 12, 2008",0,0,0,0,0,0,0,0,1,0,0,0
"9月 19, 2008",0,0,0,0,0,0,0,0,1,1,1,0
"9月 26, 2008",1,0,1,1,1,1,1,0,1,1,1,0
"10月 03, 2008",1,0,1,1,1,1,1,0,1,1,1,0
"10月 10, 2008",1,0,1,1,1,1,1,0,0,1,1,1
"10月 17, 2008",1,0,1,1,1,1,1,1,0,1,0,1
"10月 24, 2008",1,0,1,1,0,0,0,1,0,1,1,1
"10月 31, 2008",0,0,1,1,1,1,1,1,0,0,1,1
"11月 07, 2008",0,0,0,0,1,1,1,1,0,1,1,0
"11月 14, 2008",1,0,1,1,1,0,1,0,1,1,1,0
"11月 21, 2008",1,0,1,1,1,1,1,0,1,0,1,0
"11月 28, 2008",0,0,0,0,0,0,1,0,0,1,1,1
"12月 05, 2008",1,0,1,1,1,1,1,1,0,1,1,1
"12月 12, 2008",0,0,1,1,1,1,1,1,0,0,1,1
"12月 19, 2008",0,0,0,0,1,1,1,1,0,1,1,1
"12月 26, 2008",0,0,1,1,1,0,1,1,1,1,1,1
"1月 02, 2009",1,0,1,1,1,1,1,1,1,1,1,1
"1月 09, 2009",1,1,1,1,1,1,1,1,0,1,1,1
"1月 16, 2009",0,0,1,1,1,1,1,1,1,1,0,0
"1月 23, 2009",0,0,1,1,0,1,0,0,1,1,1,0
"1月 30, 2009",1,0,1,1,1,0,1,0,1,1,0,0
"2月 06, 2009",0,0,1,1,0,0,0,0,1,0,1,0
"2月 13, 2009",1,0,0,0,1,0,1,0,0,1,0,1
"2月 20, 2009",0,0,1,1,0,0,0,1,1,0,1,1
"2月 27, 2009",1,0,0,0,1,0,1,1,0,1,0,1
"3月 06, 2009",0,0,1,1,0,0,0,1,0,1,1,1
"3月 13, 2009",1,0,1,1,1,0,1,1,1,1,1,0
"3月 20, 2009",0,0,1,1,0,0,1,0,1,1,1,1
"3月 27, 2009",1,0,1,1,1,0,1,1,1,1,1,0
"4月 03, 2009",1,1,1,1,1,1,1,0,0,1,0,0
"4月 10, 2009",0,0,1,1,0,1,0,0,1,1,1,1
"4月 17, 2009",1,0,1,1,1,0,1,1,1,1,0,1
"4月 24, 2009",0,0,1,1,0,0,0,1,1,1,0,1
"5月 01, 2009",1,0,1,1,0,1,0,1,0,0,0,1
"5月 08, 2009",0,0,0,0,0,0,0,1,0,0,0,1
"5月 15, 2009",0,0,0,0,0,0,0,1,0,0,0,1
"5月 22, 2009",1,0,0,0,0,0,0,1,0,1,1,1
"5月 29, 2009",0,0,1,1,0,0,1,1,1,0,0,0
"6月 05, 2009",1,0,0,0,0,0,0,0,0,0,1,1
"6月 12, 2009",0,0,0,0,1,0,1,1,0,0,1,1
"6月 19, 2009",1,0,0,0,1,1,1,1,0,0,1,1
"6月 26, 2009",0,0,0,0,1,1,1,1,0,0,1,1
"7月 03, 2009",0,0,0,0,1,1,1,1,0,0,1,1
"7月 10, 2009",1,0,0,0,1,0,1,1,0,0,1,1
"7月 17, 2009",0,0,0,0,1,1,1,1,0,1,0,1
"7月 24, 2009",0,0,1,1,0,0,0,1,1,1,0,0
"7月 31, 2009",0,0,1,1,0,0,0,0,1,1,0,1
"8月 07, 2009",0,0,1,1,0,0,0,1,1,0,0,0
"8月 14, 2009",1,0,0,0,0,0,0,0,0,1,0,1
"8月 21, 2009",0,0,1,1,0,1,0,1,0,0,0,1
"8月 28, 2009",1,0,0,0,0,0,0,1,0,0,1,1
"9月 04, 2009",1,0,0,0,1,0,1,1,0,0,1,1
"9月 11, 2009",0,0,0,0,1,1,1,1,0,1,1,1
"9月 18, 2009",0,0,1,1,1,1,1,1,1,1,0,1
"9月 25, 2009",0,0,1,1,0,1,0,1,1,0,1,1
"10月 02, 2009",1,1,0,0,1,1,1,1,1,1,1,0
"10月 09, 2009",0,0,1,1,0,0,1,0,1,1,1,0
"10月 16, 2009",0,0,1,1,0,0,1,0,1,1,1,0
"10月 23, 2009",1,0,1,1,1,0,1,0,1,0,0,0
"10月 30, 2009",0,0,0,0,0,1,0,0,0,1,1,1
"11月 06, 2009",0,0,1,1,1,1,1,1,1,0,0,0
"11月 13, 2009",0,0,0,0,0,1,0,0,1,1,1,0
"11月 20, 2009",1,0,1,1,1,1,1,0,1,1,1,0
"11月 27, 2009",0,0,1,1,1,1,1,0,1,0,1,1
"12月 04, 2009",1,1,0,0,1,1,1,1,0,0,0,0
"12月 11, 2009",0,0,0,0,1,1,0,0,0,0,0,0
"12月 18, 2009",0,0,0,0,0,0,0,0,0,0,0,0
"12月 25, 2009",1,0,0,0,0,0,0,0,0,0,1,0
"1月 01, 2010",0,0,0,0,1,1,1,0,0,1,1,1
"1月 08, 2010",1,0,1,1,1,0,1,1,1,0,1,0
"1月 15, 2010",0,0,0,0,1,1,1,0,0,0,1,1
"1月 22, 2010",0,0,0,0,1,1,1,1,0,1,0,0
"1月 29, 2010",0,0,1,1,0,1,0,0,1,1,1,0
"2月 05, 2010",1,1,1,1,1,1,1,0,1,1,1,0
"2月 12, 2010",1,0,1,1,1,0,1,0,1,1,1,0
"2月 19, 2010",1,0,1,1,0,0,1,0,1,1,1,0
"2月 26, 2010",0,0,1,1,1,0,1,0,0,1,0,0
"3月 05, 2010",0,0,1,1,0,0,0,0,0,1,0,0
"3月 12, 2010",1,0,1,1,0,1,0,0,0,1,0,0
"3月 19, 2010",1,0,1,1,0,0,0,0,1,1,1,0
"3月 26, 2010",1,0,1,1,1,0,1,0,1,1,0,1
"4月 02, 2010",1,0,1,1,0,0,0,1,0,0,0,1
"4月 09, 2010",1,0,0,0,0,0,0,1,0,1,1,1
"4月 16, 2010",0,0,1,1,1,1,1,1,0,1,0,1
"4月 23, 2010",1,0,1,1,0,0,0,1,0,1,1,1
"4月 30, 2010",1,0,1,1,1,0,1,1,0,1,0,1
"5月 07, 2010",0,0,1,1,0,0,0,1,1,1,0,0
"5月 14, 2010",1,0,1,1,0,1,0,0,0,1,1,0
"5月 21, 2010",0,0,1,1,0,0,1,0,1,0,0,1
"5月 28, 2010",1,0,0,0,0,0,0,1,0,0,1,1
"6月 04, 2010",1,0,0,0,0,0,1,1,0,1,0,1
"6月 11, 2010",0,0,1,1,0,1,0,1,1,1,0,1
"6月 18, 2010",1,0,1,1,0,1,0,1,0,0,1,1
"6月 25, 2010",0,0,0,0,1,0,1,1,0,0,1,1
"7月 02, 2010",1,1,0,0,1,0,1,1,0,0,0,1
"7月 09, 2010",1,0,0,0,1,1,0,1,0,1,1,1
"7月 16, 2010",1,0,1,1,1,0,1,1,0,1,1,1
"7月 23, 2010",0,0,1,1,1,0,1,1,1,0,1,1
"7月 30, 2010",1,1,0,0,1,0,1,1,0,0,1,1
"8月 06, 2010",0,0,0,0,1,0,1,1,0,0,1,1
"8月 13, 2010",1,0,0,0,0,0,1,1,1,1,1,1
"8月 20, 2010",0,0,1,1,1,1,1,1,1,1,1,0
"8月 27, 2010",0,0,1,1,0,0,1,0,1,0,0,0
"9月 03, 2010",1,0,0,0,0,1,0,0,0,0,0,0
"9月 10, 2010",1,0,0,0,0,0,0,0,0,1,1,1
"9月 17, 2010",1,0,1,1,1,1,1,1,0,0,0,0
"9月 24, 2010",0,0,0,0,0,0,0,0,0,1,0,0
"10月 01, 2010",0,1,1,1,0,0,0,0,1,0,0,0
"10月 08, 2010",0,0,0,0,0,0,0,0,1,1,1,0
"10月 15, 2010",1,0,1,1,1,1,1,0,1,1,0,0
"10月 22, 2010",1,0,1,1,0,0,0,0,1,1,0,0
"10月 29, 2010",0,0,1,1,0,0,0,0,1,0,0,0
"11月 05, 2010",1,0,0,0,0,0,0,0,0,0,0,0
"11月 12, 2010",1,0,0,0,0,0,0,0,0,1,1,0
"11月 19, 2010",1,0,1,1,1,1,1,0,0,1,1,0
"11月 26, 2010",0,0,1,1,1,0,1,0,0,0,1,1
"12月 03, 2010",1,0,0,0,1,1,1,1,0,0,1,1
"12月 10, 2010",1,0,0,0,1,0,1,1,0,0,1,0
"12月 17, 2010",0,0,0,0,1,1,1,0,0,0,0,1
"12月 24, 2010",1,0,0,0,0,0,0,1,0,0,1,1
"12月 31, 2010",1,0,0,0,1,0,1,1,0,0,1,1
"1月 07, 2011",0,0,0,0,1,0,1,1,0,1,1,1
"1月 14, 2011",0,0,1,1,1,0,1,1,1,1,1,0
"1月 21, 2011",0,0,1,1,1,1,1,0,1,1,1,0
"1月 28, 2011",1,0,1,1,1,1,1,0,1,1,1,1
"2月 04, 2011",1,0,1,1,1,1,1,1,1,1,0,0
"2月 11, 2011",0,0,1,1,1,1,0,0,1,1,0,0
"2月 18, 2011",0,0,1,1,0,0,0,0,1,0,0,0
"2月 25, 2011",1,0,0,0,0,0,0,0,1,1,0,0
"3月 04, 2011",1,0,1,1,0,0,0,0,1,1,0,0
"3月 11, 2011",1,0,1,1,0,0,0,0,0,1,0,1
"3月 18, 2011",1,0,1,1,0,0,0,1,0,1,0,1
"3月 25, 2011",0,0,1,1,0,0,0,1,0,1,1,1
"4月 01, 2011",1,0,1,1,0,0,1,1,0,1,0,0
"4月 08, 2011",0,1,1,1,0,0,0,0,1,0,0,0
"4月 15, 2011",1,0,0,0,0,0,0,0,0,1,0,0
"4月 22, 2011",0,0,1,1,0,0,0,0,1,1,1,0
"4月 29, 2011",0,0,1,1,0,0,1,0,1,1,1,0
"5月 06, 2011",1,1,1,1,1,0,1,0,1,0,1,0
"5月 13, 2011",1,0,0,0,1,0,1,0,0,1,1,0
"5月 20, 2011",1,0,1,1,1,1,1,0,0,1,1,0
"5月 27, 2011",1,0,1,1,1,0,1,0,0,0,1,1
"6月 03, 2011",1,0,0,0,1,1,1,1,0,0,1,0
"6月 10, 2011",0,0,0,0,1,1,1,0,0,0,0,1
"6月 17, 2011",1,0,0,0,0,1,0,1,0,0,1,1
"6月 24, 2011",0,0,0,0,0,0,1,1,0,0,0,0
"7月 01, 2011",1,0,0,0,0,1,0,0,0,0,1,1
"7月 08, 2011",0,1,0,0,0,0,1,1,0,0,1,1
"7月 15, 2011",1,0,0,0,1,1,1,1,0,1,1,1
"7月 22, 2011",0,0,1,1,1,1,1,1,1,1,1,1
"7月 29, 2011",1,0,0,1,1,0,1,1,0,0,0,0
"8月 05, 2011",1,0,0,0,0,1,0,0,0,1,0,1
"8月 12, 2011",0,0,0,1,0,0,0,1,1,0,1,1
"8月 19, 2011",1,0,0,0,1,1,1,1,0,1,0,1
"8月 26, 2011",0,0,1,1,0,1,0,1,1,0,1,1
"9月 02, 2011",1,0,0,0,1,0,1,1,0,0,1,1
"9月 09, 2011",0,0,0,0,1,1,1,1,0,0,1,0
"9月 16, 2011",1,0,0,0,1,0,1,0,0,1,1,1
"9月 23, 2011",0,0,1,1,1,1,1,1,1,0,0,0
"9月 30, 2011",0,0,0,0,0,1,0,0,0,1,0,0
"10月 07, 2011",0,0,1,1,0,0,0,0,1,0,0,0
"10月 14, 2011",0,0,0,0,0,1,0,0,0,1,0,0
"10月 21, 2011",1,0,1,1,0,0,0,0,1,1,1,0
"10月 28, 2011",1,0,1,1,1,1,1,0,1,0,0,0
"11月 04, 2011",0,0,0,0,0,0,0,0,0,0,1,0
"11月 11, 2011",1,0,0,0,1,1,1,0,0,0,1,0
"11月 18, 2011",1,0,0,0,1,1,1,0,0,1,1,1
"11月 25, 2011",0,0,1,1,1,0,1,1,1,1,1,1
"12月 02, 2011",1,0,1,1,1,1,1,1,0,0,1,1
"12月 09, 2011",0,0,0,0,1,1,1,1,0,0,0,0
"12月 16, 2011",0,0,0,0,0,1,0,0,0,1,0,1
"12月 23, 2011",0,0,1,1,0,1,0,1,1,1,1,1
"12月 30, 2011",1,0,1,1,1,0,1,1,1,1,1,1
"1月 06, 2012",1,0,1,1,1,1,1,1,0,0,1,1
"1月 13, 2012",0,0,0,0,1,1,1,1,0,1,1,0
"1月 20, 2012",0,0,1,1,0,0,1,0,1,1,1,0
"1月 27, 2012",0,0,1,1,1,1,1,0,1,1,1,1
"2月 03, 2012",1,0,1,1,1,1,1,1,1,0,0,0
"2月 10, 2012",1,0,0,0,1,1,0,0,0,1,1,0
"2月 17, 2012",1,0,1,1,0,0,1,0,0,1,0,0
"2月 24, 2012",0,0,1,1,0,0,0,0,1,1,1,0
"3月 02, 2012",0,0,1,1,0,0,1,0,0,1,0,0
"3月 09, 2012",0,0,1,1,0,0,0,0,1,0,0,1
"3月 16, 2012",0,0,0,0,0,1,0,1,1,1,0,0
"3月 23, 2012",1,0,1,1,0,0,0,0,1,1,0,1
"3月 30, 2012",1,0,1,1,0,0,0,1,1,1,0,0
"4月 06, 2012",0,0,1,1,0,0,0,0,1,1,0,0
"4月 13, 2012",1,0,1,1,0,0,0,0,1,1,0,0
"4月 20, 2012",1,0,1,1,0,0,0,0,1,1,0,0
"4月 27, 2012",1,0,1,1,0,0,0,0,1,1,0,0
"5月 04, 2012",1,0,1,1,0,0,0,0,1,1,0,0
"5月 11, 2012",1,0,1,1,0,0,0,0,0,1,0,0
"5月 18, 2012",0,0,1,1,0,0,0,0,0,1,1,0
"5月 25, 2012",1,0,1,1,0,0,1,0,0,0,1,1
"6月 01, 2012",1,0,0,0,1,1,1,1,0,0,0,0
"6月 08, 2012",1,0,0,0,0,1,0,0,0,1,1,1
"6月 15, 2012",0,0,1,1,1,1,1,1,0,0,1,0
"6月 22, 2012",1,0,0,0,1,1,1,0,0,0,0,0
"6月 29, 2012",0,0,0,0,1,1,0,0,0,0,1,1
"7月 06, 2012",1,0,0,0,1,1,1,1,0,0,0,1
"7月 13, 2012",0,0,0,0,0,0,0,1,0,1,1,1
"7月 20, 2012",1,0,1,1,1,1,1,1,1,0,0,0
"7月 27, 2012",0,0,0,0,0,0,0,0,0,0,0,0
"8月 03, 2012",1,0,0,0,0,1,0,0,0,0,0,1
"8月 10, 2012",1,0,0,0,0,0,0,1,0,0,0,1
"8月 17, 2012",0,0,0,0,0,0,0,1,0,1,0,1
"8月 24, 2012",0,0,1,1,0,0,0,1,1,0,0,1
"8月 31, 2012",0,0,0,0,0,0,0,1,0,1,0,1
"9月 07, 2012",0,0,1,1,0,1,0,1,1,1,0,0
"9月 14, 2012",1,0,1,1,0,1,0,0,1,0,1,0
"9月 21, 2012",0,0,0,0,0,0,1,0,1,0,0,0
"9月 28, 2012",1,0,0,0,1,1,0,0,0,1,1,0
"10月 05, 2012",0,1,1,1,0,0,1,0,0,1,1,0
"10月 12, 2012",1,0,1,1,1,1,1,0,1,1,1,0
"10月 19, 2012",0,0,1,1,1,1,1,0,1,0,1,0
"10月 26, 2012",1,0,0,0,1,1,1,0,0,1,1,1
"11月 02, 2012",0,0,1,1,1,1,1,1,1,1,0,0
"11月 09, 2012",0,0,1,1,0,0,0,0,1,0,0,0
"11月 16, 2012",1,0,0,0,0,1,0,0,0,0,1,0
"11月 23, 2012",1,0,0,0,1,1,1,0,0,0,1,1
"11月 30, 2012",1,0,0,0,1,1,1,1,0,1,1,1
"12月 07, 2012",0,1,1,1,1,1,1,1,0,0,1,0
"12月 14, 2012",1,0,0,0,1,0,1,0,0,0,0,1
"12月 21, 2012",0,0,0,0,1,1,0,1,0,0,1,1
"12月 28, 2012",1,0,0,0,1,0,1,1,0,1,1,1
"1月 04, 2013",0,0,1,1,1,0,1,1,1,0,1,1
"1月 11, 2013",0,1,0,0,1,0,1,1,1,1,0,1
"1月 18, 2013",0,0,1,1,0,1,0,1,1,1,0,0
"1月 25, 2013",1,0,1,1,0,1,0,0,1,1,1,0
"2月 01, 2013",0,0,1,1,1,0,1,0,1,1,0,0
"2月 08, 2013",0,1,1,1,0,1,0,0,1,1,0,0
"2月 15, 2013",0,0,1,1,0,1,0,0,1,1,0,1
"2月 22, 2013",1,0,1,1,0,1,0,1,0,1,1,0
"3月 01, 2013",0,0,1,1,0,0,1,0,1,1,0,1
"3月 08, 2013",0,1,1,1,0,0,0,1,1,0,1,0
"3月 15, 2013",1,0,0,0,0,0,1,0,0,1,0,0
"3月 22, 2013",1,0,1,1,0,0,0,0,1,1,0,0
"3月 29, 2013",1,0,1,1,0,0,0,0,0,0,1,0
"4月 05, 2013",1,1,0,0,1,0,1,0,0,0,0,1
"4月 12, 2013",0,0,0,0,0,1,0,1,0,1,0,1
"4月 19, 2013",0,0,1,1,0,0,0,1,1,1,0,1
"4月 26, 2013",1,0,1,1,0,0,0,1,1,1,1,1
"5月 03, 2013",1,0,1,1,0,0,1,1,0,0,1,1
"5月 10, 2013",1,0,0,0,1,1,1,1,0,0,1,0
"5月 17, 2013",0,0,0,0,1,1,1,0,0,1,1,1
"5月 24, 2013",0,0,1,1,0,0,1,1,1,0,0,1
"5月 31, 2013",1,0,0,0,0,1,0,1,0,1,1,0
"6月 07, 2013",0,0,1,1,1,1,1,0,1,1,1,0
"6月 14, 2013",1,0,1,1,1,0,1,0,0,1,1,1
"6月 21, 2013",1,0,1,1,1,1,1,1,0,0,0,0
"6月 28, 2013",1,0,0,0,0,0,0,0,0,0,0,1
"7月 05, 2013",1,0,0,0,0,1,0,1,0,0,1,1
"7月 12, 2013",1,1,0,0,1,1,1,1,0,0,0,0
"7月 19, 2013",0,0,0,0,0,1,0,0,0,1,0,0
"7月 26, 2013",0,0,1,1,1,1,0,0,1,0,0,1
"8月 02, 2013",0,1,0,0,1,1,0,1,0,0,1,1
"8月 09, 2013",0,0,0,0,0,0,1,1,0,0,0,1
"8月 16, 2013",1,0,0,0,0,0,0,1,0,1,0,0
"8月 23, 2013",0,0,1,1,0,1,0,0,1,0,1,1
"8月 30, 2013",1,0,0,0,0,0,1,1,0,0,1,1
"9月 06, 2013",0,0,0,0,1,1,1,1,0,0,0,0
"9月 13, 2013",1,0,0,0,0,0,0,0,0,1,1,0
"9月 20, 2013",0,0,1,1,1,0,1,0,1,1,1,0
"9月 27, 2013",0,0,1,1,1,1,1,0,1,1,0,0
"10月 04, 2013",0,0,1,1,1,1,0,0,1,1,0,0
"10月 11, 2013",0,0,1,1,0,0,0,0,1,1,0,1
"10月 18, 2013",1,0,1,1,0,0,0,1,1,1,0,0
"10月 25, 2013",1,0,1,1,0,1,0,0,1,1,1,0
"11月 01, 2013",1,0,1,1,0,0,1,0,0,1,0,0
"11月 08, 2013",1,0,1,1,0,1,0,0,0,1,0,0
"11月 15, 2013",1,0,1,1,0,1,0,0,0,1,1,0
"11月 22, 2013",1,0,1,1,1,1,1,0,0,0,1,1
"11月 29, 2013",1,0,0,0,1,0,1,1,0,0,1,1
"12月 06, 2013",1,1,0,0,1,1,1,1,0,0,1,0
"12月 13, 2013",0,0,0,0,1,0,1,0,0,0,0,0
"12月 20, 2013",1,0,0,0,0,1,0,0,0,0,1,1
"12月 27, 2013",1,0,0,0,1,0,1,1,0,0,1,1
"1月 03, 2014",0,0,0,0,1,1,1,1,0,0,1,0
"1月 10, 2014",0,0,0,0,1,0,1,0,0,1,1,0
"1月 17, 2014",0,0,1,1,1,0,1,0,1,1,0,0
"1月 24, 2014",1,0,1,1,0,1,0,0,1,1,1,0
"1月 31, 2014",0,0,1,1,1,0,1,0,1,1,0,0
"2月 07, 2014",1,0,1,1,0,0,0,0,1,1,0,0
"2月 14, 2014",0,0,1,1,1,1,0,0,1,1,1,1
"2月 21, 2014",1,0,1,1,0,0,1,1,0,1,0,1
"2月 28, 2014",0,0,1,1,0,1,0,1,0,1,0,0
"3月 07, 2014",0,0,1,1,0,0,0,0,1,1,0,0
"3月 14, 2014",0,0,1,1,0,1,0,0,1,1,0,1
"3月 21, 2014",1,0,1,1,0,0,0,1,1,0,0,1
"3月 28, 2014",1,0,0,0,0,0,0,1,0,1,0,1
"4月 04, 2014",1,1,1,1,0,0,0,1,1,1,1,0
"4月 11, 2014",1,0,1,1,0,0,1,0,1,1,0,1
"4月 18, 2014",1,0,1,1,0,0,0,1,0,1,1,1
"4月 25, 2014",0,0,1,1,1,0,1,1,0,0,1,0
"5月 02, 2014",0,0,0,0,1,0,1,0,0,1,0,0
"5月 09, 2014",0,0,0,1,0,1,0,0,0,0,1,1
"5月 16, 2014",1,0,0,0,1,1,1,1,0,1,0,0
"5月 23, 2014",0,0,1,1,0,0,0,0,1,0,0,1
"5月 30, 2014",1,0,0,0,1,1,0,1,0,0,1,1
"6月 06, 2014",0,1,0,0,1,0,1,1,0,0,0,1
"6月 13, 2014",0,0,0,0,1,1,0,1,1,1,1,1
"6月 20, 2014",1,0,1,1,1,0,1,1,1,0,0,1
"6月 27, 2014",1,0,0,0,0,0,0,1,0,0,0,1
"7月 04, 2014",1,0,0,0,1,1,0,1,0,0,1,1
"7月 11, 2014",1,0,0,0,1,0,1,1,0,0,1,1
"7月 18, 2014",0,0,0,0,1,1,1,1,0,0,1,1
"7月 25, 2014",0,0,0,0,1,0,1,1,0,0,0,0
"8月 01, 2014",0,0,0,0,0,0,0,0,0,1,0,0
"8月 08, 2014",0,0,1,1,0,1,0,0,1,0,1,0
"8月 15, 2014",1,0,0,0,1,0,1,0,0,0,0,1
"8月 22, 2014",1,0,0,0,0,1,0,1,0,0,0,1
"8月 29, 2014",0,0,0,0,0,0,0,1,0,0,1,1
"9月 05, 2014",0,0,0,0,1,0,1,1,0,1,0,1
"9月 12, 2014",0,1,1,1,0,1,0,1,1,0,0,1
"9月 19, 2014",0,0,0,0,0,1,0,1,0,0,0,0
"9月 26, 2014",0,0,0,0,0,1,0,0,1,1,1,1
"10月 03, 2014",0,0,1,1,1,0,1,1,1,1,0,0
"10月 10, 2014",0,0,1,1,0,0,0,0,1,1,0,1
"10月 17, 2014",0,0,1,1,0,1,0,1,1,1,0,0
"10月 24, 2014",0,0,1,1,0,0,0,0,1,1,0,0
"10月 31, 2014",1,0,1,1,0,1,0,0,0,0,1,0
"11月 07, 2014",1,0,0,0,1,0,1,0,0,1,1,0
"11月 14, 2014",1,0,1,1,1,1,1,0,0,1,1,0
"11月 21, 2014",1,0,1,1,1,1,1,0,0,0,1,1
"11月 28, 2014",1,0,0,0,1,0,1,1,0,1,1,1
"12月 05, 2014",1,0,1,1,1,1,1,1,0,0,1,0
"12月 12, 2014",0,0,0,0,1,0,1,0,0,1,1,1
"12月 19, 2014",1,0,1,1,1,1,1,1,1,0,1,1
"12月 26, 2014",1,0,0,0,1,1,1,1,0,0,1,1
"1月 02, 2015",1,0,0,0,1,0,1,1,0,1,1,1
"1月 09, 2015",0,1,1,1,1,0,1,1,1,1,1,0
"1月 16, 2015",0,0,1,1,1,1,1,0,1,1,0,0
"1月 23, 2015",1,0,1,1,0,0,0,0,1,1,1,1
"1月 30, 2015",1,0,1,1,1,1,1,1,1,1,1,0
"2月 06, 2015",1,0,1,1,1,0,1,0,1,1,1,0
"2月 13, 2015",0,0,1,1,1,0,1,0,1,1,0,0
"2月 20, 2015",0,0,1,1,0,1,0,0,1,1,0,0
"2月 27, 2015",0,0,1,1,1,1,0,0,1,1,0,1
"3月 06, 2015",1,1,1,1,0,0,0,1,1,1,0,1
"3月 13, 2015",1,0,1,1,0,0,0,1,1,1,0,0
"3月 20, 2015",1,0,1,1,0,0,0,0,1,1,0,1
"3月 27, 2015",1,0,1,1,0,0,0,1,1,1,1,0
"4月 03, 2015",1,1,1,1,1,1,1,0,1,1,0,1
"4月 10, 2015",1,0,1,1,0,0,0,1,0,1,0,1
"4月 17, 2015",0,0,1,1,0,1,0,1,1,1,1,0
"4月 24, 2015",1,0,1,1,1,1,1,0,0,0,1,1
"5月 01, 2015",1,0,0,0,1,0,1,1,0,0,0,0
"5月 08, 2015",0,0,0,0,0,0,0,0,0,0,0,0
"5月 15, 2015",1,0,0,0,0,0,0,0,0,0,0,1
"5月 22, 2015",1,0,0,0,0,1,0,1,0,0,0,1
"5月 29, 2015",0,0,0,0,0,1,0,1,0,0,0,1
"6月 05, 2015",1,1,0,0,0,1,0,1,0,0,1,1
"6月 12, 2015",0,0,0,0,1,1,1,1,0,0,1,1
"6月 19, 2015",1,0,0,0,1,0,1,1,0,1,0,1
"6月 26, 2015",0,0,1,1,0,0,0,1,1,1,1,1
"7月 03, 2015",1,0,1,1,1,1,1,1,0,0,1,1
"7月 10, 2015",1,1,0,0,1,0,1,1,0,1,0,1
"7月 17, 2015",1,0,1,1,0,1,0,1,0,0,0,1
"7月 24, 2015",0,0,0,0,0,1,0,1,0,0,1,1
"7月 31, 2015",1,0,0,0,1,0,1,1,0,0,0,1
"8月 07, 2015",0,0,0,0,0,0,0,1,0,1,0,1
"8月 14, 2015",0,0,1,1,0,1,0,1,1,0,1,1
"8月 21, 2015",0,0,0,0,1,1,1,1,0,1,0,1
"8月 28, 2015",0,0,1,1,0,0,0,1,1,1,0,1
"9月 04, 2015",0,1,1,1,1,1,0,1,1,0,1,1
"9月 11, 2015",1,0,0,0,1,0,1,1,0,0,1,0
"9月 18, 2015",0,0,0,0,1,0,1,0,1,1,1,0
"9月 25, 2015",0,0,1,1,1,1,1,0,1,1,1,0
"10月 02, 2015",0,0,1,1,1,0,1,0,1,1,0,0
"10月 09, 2015",0,1,1,1,0,1,0,0,1,1,0,0
"10月 16, 2015",1,0,1,1,0,1,0,0,1,1,0,0
"10月 23, 2015",1,0,1,1,0,0,0,0,1,1,0,0
"10月 30, 2015",1,0,1,1,0,0,0,0,1,1,0,1
"11月 06, 2015",1,1,1,1,0,0,0,1,0,1,1,0
"11月 13, 2015",1,0,1,1,1,1,1,0,0,1,1,1
"11月 20, 2015",1,0,1,1,1,1,1,1,0,1,1,1
"11月 27, 2015",1,0,1,1,1,0,1,1,0,0,1,1
"12月 04, 2015",0,1,0,0,1,0,1,1,0,1,1,1
"12月 11, 2015",0,0,1,1,1,1,1,1,1,0,1,0
"12月 18, 2015",0,0,0,0,1,0,1,0,0,1,0,1
"12月 25, 2015",1,0,1,1,1,1,0,1,1,0,1,1
"1月 01, 2016",0,0,0,0,1,1,1,1,0,1,1,1
"1月 08, 2016",0,0,1,1,1,0,1,1,1,1,1,0
"1月 15, 2016",0,0,1,1,1,0,1,0,1,1,1,0
"1月 22, 2016",0,0,1,1,1,1,1,0,1,1,1,0
"1月 29, 2016",0,0,1,1,1,0,1,0,1,0,1,1
"2月 05, 2016",0,1,0,0,1,0,1,1,1,1,1,1
"2月 12, 2016",1,0,1,1,1,1,1,1,1,1,0,0
"2月 19, 2016",0,0,1,1,0,1,0,0,1,1,0,1
"2月 26, 2016",1,0,1,1,0,0,0,1,1,1,0,0
"3月 04, 2016",1,0,1,1,0,0,0,0,0,1,0,0
"3月 11, 2016",1,0,1,1,0,1,0,0,0,1,0,1
"3月 18, 2016",0,0,1,1,0,0,0,1,1,1,0,0
"3月 25, 2016",1,0,1,1,0,0,0,0,0,0,1,1
"4月 01, 2016",1,0,0,0,1,1,1,1,0,1,0,1
"4月 08, 2016",0,0,1,1,0,0,0,1,1,1,0,0
"4月 15, 2016",1,1,1,1,0,1,0,0,0,1,1,0
"4月 22, 2016",0,1,1,1,1,0,1,0,1,1,1,0
"4月 29, 2016",1,0,1,1,1,1,1,0,1,0,0,0
"5月 06, 2016",1,1,0,0,0,1,0,0,0,1,0,0
"5月 13, 2016",1,0,1,1,0,0,0,0,0,0,1,0
"5月 20, 2016",0,0,0,0,1,1,1,0,0,0,0,0
"5月 27, 2016",0,0,0,0,0,0,0,0,0,0,0,1
"6月 03, 2016",1,0,0,0,1,1,0,1,0,0,0,1
"6月 10, 2016",0,0,0,0,0,0,0,1,0,0,0,1
"6月 17, 2016",1,0,0,0,1,1,0,1,0,0,1,0
"6月 24, 2016",1,0,0,0,1,1,1,0,0,0,1,0
"7月 01, 2016",0,0,0,0,0,0,1,0,0,0,0,1
"7月 08, 2016",0,1,0,0,1,1,0,1,0,0,1,0
"7月 15, 2016",1,0,0,0,1,0,1,0,0,1,1,0
"7月 22, 2016",0,0,1,1,1,0,1,0,1,1,0,1
"7月 29, 2016",1,0,1,1,0,0,0,1,0,1,0,0
"8月 05, 2016",0,0,1,1,0,0,0,0,1,0,0,1
"8月 12, 2016",1,0,0,0,0,1,0,1,0,1,0,1
"8月 19, 2016",0,0,1,1,1,1,0,1,1,1,0,1
"8月 26, 2016",0,0,1,1,0,1,0,1,1,0,0,1
"9月 02, 2016",1,1,0,0,0,0,0,1,0,0,1,1
"9月 09, 2016",0,0,0,0,1,0,1,1,0,0,0,1
"9月 16, 2016",0,0,0,0,0,0,0,1,0,0,1,0
"9月 23, 2016",0,0,0,0,1,1,1,0,0,0,1,0
"9月 30, 2016",0,0,0,0,1,0,1,0,1,1,0,0
"10月 07, 2016",0,0,1,1,0,0,0,0,1,0,1,0
"10月 14, 2016",0,0,0,0,1,1,1,0,1,0,0,0
"10月 21, 2016",1,0,0,0,0,0,0,0,1,1,0,0
"10月 28, 2016",0,0,1,1,0,0,0,0,1,1,0,0
"11月 04, 2016",1,0,1,1,0,1,0,0,0,1,1,1
"11月 11, 2016",1,0,1,1,1,0,1,1,0,0,1,1
"11月 18, 2016",1,0,0,0,1,0,1,1,0,0,1,1
"11月 25, 2016",0,0,0,0,1,1,1,1,0,0,1,1
"12月 02, 2016",1,0,0,0,1,1,1,1,0,0,1,0
"12月 09, 2016",1,1,0,0,1,0,1,0,0,1,0,0
"12月 16, 2016",1,0,1,1,0,1,0,0,0,1,0,0
"12月 23, 2016",0,0,1,1,0,1,0,0,0,0,1,1
"12月 30, 2016",1,0,0,0,1,1,1,1,0,1,1,1
"1月 06, 2017",1,1,1,1,1,1,1,1,0,1,1,0
"1月 13, 2017",0,0,1,1,1,1,1,0,1,1,1,1
"1月 20, 2017",0,0,1,1,1,0,1,1,1,1,1,1
"1月 27, 2017",0,0,1,1,1,0,1,1,1,1,0,1
"2月 03, 2017",0,0,1,1,0,0,0,1,1,1,1,0
"2月 10, 2017",0,0,1,1,1,1,1,0,1,1,0,0
"2月 17, 2017",0,0,1,1,0,0,0,0,1,1,1,0
"2月 24, 2017",1,0,1,1,0,0,1,0,1,1,0,0
"3月 03, 2017",0,0,1,1,0,0,0,0,1,0,0,0
"3月 10, 2017",0,1,0,0,0,0,0,0,0,1,0,0
"3月 17, 2017",1,0,1,1,0,0,0,0,1,1,0,0
"3月 24, 2017",1,0,1,1,0,0,0,0,0,1,1,0
"3月 31, 2017",1,0,1,1,0,0,1,0,0,0,0,0
"4月 07, 2017",1,1,0,0,0,0,0,0,0,0,1,0
"4月 14, 2017",1,0,0,0,1,0,1,0,0,0,1,1
"4月 21, 2017",1,0,0,0,1,1,1,1,0,0,1,0
"4月 28, 2017",0,0,0,0,1,0,1,0,0,0,0,0
"5月 05, 2017",0,0,0,0,0,1,0,0,0,0,0,0
"5月 12, 2017",1,0,0,0,0,1,0,0,0,0,0,0
"5月 19, 2017",1,0,0,0,0,0,0,0,0,0,0,1
"5月 26, 2017",1,0,0,0,0,0,0,1,0,1,1,1
"6月 02, 2017",0,1,1,1,1,1,1,1,0,0,1,1
"6月 09, 2017",1,0,0,0,1,1,1,1,0,0,1,1
"6月 16, 2017",0,0,0,0,0,0,1,1,0,1,0,0
"6月 23, 2017",0,0,0,1,0,1,0,0,1,0,0,0
"6月 30, 2017",1,0,0,0,0,0,0,0,0,0,0,1
"7月 07, 2017",1,0,0,0,0,1,0,1,0,0,0,0
"7月 14, 2017",0,0,0,0,0,0,0,0,0,0,0,0
"7月 21, 2017",1,0,0,0,0,0,0,0,0,0,0,0
"7月 28, 2017",1,0,0,0,0,0,0,0,0,0,1,0
"8月 04, 2017",1,0,0,0,1,1,1,0,0,0,1,1
"8月 11, 2017",0,0,0,0,1,0,1,1,0,0,0,1
"8月 18, 2017",0,0,0,0,0,1,0,1,0,0,0,1
"8月 25, 2017",1,0,0,0,1,1,0,1,0,1,0,0
"9月 01, 2017",0,0,1,1,0,1,0,0,1,1,0,0
"9月 08, 2017",0,1,1,1,0,0,0,0,1,1,0,0
"9月 15, 2017",1,0,1,1,0,0,0,0,1,0,1,0
"9月 22, 2017",1,0,0,0,1,0,1,0,1,0,1,0
"9月 29, 2017",0,0,0,0,1,1,1,0,0,0,1,0
"10月 06, 2017",1,0,0,0,1,0,1,0,0,0,0,1
"10月 13, 2017",0,0,0,0,1,1,0,1,0,1,0,0
"10月 20, 2017",1,0,1,1,0,0,0,0,1,0,0,0
"10月 27, 2017",0,0,0,0,0,0,0,0,0,1,0,0
"11月 03, 2017",1,0,1,1,0,1,0,0,1,1,1,0
"11月 10, 2017",1,1,1,1,1,0,1,0,0,0,0,1
"11月 17, 2017",1,0,0,0,1,1,0,1,0,0,1,1
"11月 24, 2017",1,0,0,0,1,1,1,1,0,0,1,1
"12月 01, 2017",1,0,0,0,1,0,1,1,0,0,1,0
"12月 08, 2017",0,0,0,0,1,1,1,0,0,0,1,1
"12月 15, 2017",1,0,0,0,1,0,1,1,0,0,1,1
"12月 22, 2017",1,0,0,0,1,0,1,1,0,0,1,1
"12月 29, 2017",1,0,0,0,1,1,1,1,0,0,1,1
"1月 05, 2018",0,1,0,0,1,0,1,1,0,0,1,0
"1月 12, 2018",0,0,0,0,1,1,1,0,0,0,1,1
"1月 19, 2018",0,0,0,0,1,0,1,1,1,1,0,0
"1月 26, 2018",0,0,1,1,0,0,0,0,1,1,1,1
"2月 02, 2018",1,1,1,1,1,1,1,1,1,1,1,0
"2月 09, 2018",0,0,1,1,1,0,1,0,1,0,0,0
"2月 16, 2018",0,0,0,0,1,1,0,0,1,1,1,0
"2月 23, 2018",1,0,1,1,1,1,1,0,1,1,0,0
"3月 02, 2018",1,0,1,1,0,0,0,0,1,1,0,0
"3月 09, 2018",1,1,1,1,0,0,0,0,1,0,0,0
"3月 16, 2018",1,0,0,0,0,1,0,0,0,1,0,0
"3月 23, 2018",1,0,1,1,0,1,0,0,0,0,0,1
"3月 30, 2018",1,0,0,0,0,0,0,1,0,1,0,0
"4月 06, 2018",1,1,1,1,1,1,0,0,0,0,0,0
"4月 13, 2018",0,0,0,0,0,0,0,0,0,1,1,0
"4月 20, 2018",0,0,1,1,1,1,1,0,1,1,1,0
"4月 27, 2018",0,0,1,1,1,1,1,0,1,0,0,0
"5月 04, 2018",0,0,0,0,0,0,0,0,0,0,0,0
"5月 11, 2018",1,0,0,0,0,1,0,0,1,1,1,0
"5月 18, 2018",0,0,1,1,1,1,1,0,1,0,0,1
"5月 25, 2018",1,0,0,0,1,1,0,1,0,1,1,1
"6月 01, 2018",1,0,1,1,1,1,1,1,0,0,0,0
"6月 08, 2018",1,1,0,0,0,0,0,0,0,0,1,1
"6月 15, 2018",1,0,0,0,1,1,1,1,0,0,1,1
"6月 22, 2018",1,0,0,0,1,0,1,1,0,1,0,1
"6月 29, 2018",0,0,1,1,0,0,0,1,0,0,0,1
"7月 06, 2018",0,1,0,0,0,1,0,1,0,1,0,0
"7月 13, 2018",0,0,1,1,0,0,0,0,1,0,0,0
"7月 20, 2018",1,0,0,0,0,0,0,0,0,1,0,1
"7月 27, 2018",1,0,1,1,0,1,0,1,1,0,1,1
"8月 03, 2018",1,0,0,0,1,1,1,1,0,1,1,1
"8月 10, 2018",1,0,1,1,0,0,1,1,1,0,1,1
"8月 17, 2018",0,0,0,0,1,1,1,1,0,0,1,0
"8月 24, 2018",0,0,0,0,0,0,1,0,0,0,1,1
"8月 31, 2018",1,0,0,0,1,1,1,1,0,0,0,1
"9月 07, 2018",1,0,0,0,1,1,0,1,0,0,0,1
"9月 14, 2018",0,0,0,0,0,1,0,1,1,1,1,0
"9月 21, 2018",0,0,1,1,1,0,1,0,1,1,0,0
"9月 28, 2018",1,0,1,1,0,1,0,0,1,1,1,0
"10月 05, 2018",0,0,1,1,1,0,1,0,1,1,0,0
"10月 12, 2018",1,0,1,1,0,1,0,0,1,1,0,0
"10月 19, 2018",0,0,1,1,0,0,0,0,1,1,0,0
"10月 26, 2018",1,0,1,1,0,1,0,0,1,1,1,0
"11月 02, 2018",0,0,1,1,1,0,1,0,1,1,0,0
"11月 09, 2018",1,1,1,1,0,1,0,0,1,1,0,0
"11月 16, 2018",1,0,1,1,0,1,0,0,0,1,0,1
"11月 23, 2018",1,0,1,1,0,0,0,1,0,0,1,1
"11月 30, 2018",0,0,0,0,1,0,1,1,0,0,1,0
"12月 07, 2018",0,0,0,0,1,1,1,0,0,0,1,0
"12月 14, 2018",0,0,0,0,1,1,1,0,0,0,1,1
"12月 21, 2018",0,0,0,0,1,0,1,1,0,1,1,1
"12月 28, 2018",1,0,1,1,1,1,1,1,0,0,1,1
"1月 04, 2019",0,0,0,0,1,0,1,1,0,0,1,1
"1月 11, 2019",0,1,0,0,1,1,1,1,0,1,1,0
"1月 18, 2019",0,0,1,1,1,1,1,0,1,1,0,0
"1月 25, 2019",0,0,1,1,0,0,0,0,1,1,1,0
"2月 01, 2019",1,0,1,1,1,0,1,0,1,1,0,1
"2月 08, 2019",0,0,1,1,1,1,0,1,1,1,0,0
"2月 15, 2019",0,0,1,1,0,0,0,0,1,0,0,0
"2月 22, 2019",1,0,0,0,0,0,0,0,0,1,0,0
